{"textures":{"texture":"strike/misc/back"},"elements":[{"from":[5,5,2],"to":[10,11,14],"faces":{"down":{"uv":[2,14.5,8,12],"rotation":90,"texture":"#texture"},"up":{"uv":[2,8.5,8,11],"rotation":90,"texture":"#texture"},"north":{"uv":[9.5,10,12,13],"texture":"#texture"},"south":{"uv":[12.5,10,15,13],"texture":"#texture"},"west":{"uv":[2,2,8,5],"texture":"#texture"},"east":{"uv":[8,2,2,5],"texture":"#texture"}}},{"from":[5,11,5],"to":[10,14,7],"faces":{"up":{"uv":[3.5,8.5,4.5,11],"rotation":90,"texture":"#texture"},"north":{"uv":[9.5,8.5,12,10],"texture":"#texture"},"south":{"uv":[12.5,8.5,15,10],"texture":"#texture"},"west":{"uv":[3.5,0.5,4.5,2],"texture":"#texture"},"east":{"uv":[4.5,0.5,3.5,2],"texture":"#texture"}}},{"from":[5,2,5],"to":[10,5,7],"faces":{"down":{"uv":[4.5,12,3.5,14.5],"rotation":90,"texture":"#texture"},"north":{"uv":[9.5,13,12,14.5],"texture":"#texture"},"south":{"uv":[12.5,13,15,14.5],"texture":"#texture"},"west":{"uv":[3.5,5,4.5,6.5],"texture":"#texture"},"east":{"uv":[4.5,5,3.5,6.5],"texture":"#texture"}}},{"from":[5,3,4],"to":[10,5,5],"faces":{"down":{"uv":[3,12,3.5,14.5],"rotation":90,"texture":"#texture"},"north":{"uv":[9.5,13,12,14],"texture":"#texture"},"west":{"uv":[3,5,3.5,6],"texture":"#texture"},"east":{"uv":[3,5,3.5,6],"texture":"#texture"}}},{"from":[5,4,3],"to":[10,5,4],"faces":{"down":{"uv":[2.5,12,3,14.5],"rotation":90,"texture":"#texture"},"north":{"uv":[9.5,13,12,13.5],"texture":"#texture"},"west":{"uv":[2.5,5,3,5.5],"texture":"#texture"},"east":{"uv":[2.5,5,3,5.5],"texture":"#texture"}}},{"from":[5,11,4],"to":[10,13,5],"faces":{"up":{"uv":[3,8.5,3.5,11],"rotation":90,"texture":"#texture"},"north":{"uv":[3,8.5,3.5,11],"texture":"#texture"},"west":{"uv":[3,1,3.5,2],"texture":"#texture"},"east":{"uv":[3,1,3.5,2],"texture":"#texture"}}},{"from":[5,11,3],"to":[10,12,4],"faces":{"up":{"uv":[2.5,8.5,3,11],"rotation":90,"texture":"#texture"},"north":{"uv":[9.5,9.5,12,10],"texture":"#texture"},"west":{"uv":[2.5,1.5,3,2],"texture":"#texture"},"east":{"uv":[2.5,1.5,3,2],"texture":"#texture"}}},{"from":[5,6,1],"to":[10,10,2],"faces":{"down":{"uv":[1.5,12,2,14.5],"rotation":90,"texture":"#texture"},"up":{"uv":[1.5,8.5,2,11],"rotation":90,"texture":"#texture"},"north":{"uv":[9.5,10.5,12,12.5],"texture":"#texture"},"west":{"uv":[1.5,2.5,2,4.5],"texture":"#texture"},"east":{"uv":[1.5,2.5,2,4.5],"texture":"#texture"}}},{"from":[5,7,0],"to":[10,9,1],"faces":{"down":{"uv":[1.5,14.5,1,12],"rotation":90,"texture":"#texture"},"up":{"uv":[1,8.5,1.5,11],"rotation":90,"texture":"#texture"},"north":{"uv":[9.5,11,12,12],"texture":"#texture"},"west":{"uv":[1,3,1.5,4],"texture":"#texture"},"east":{"uv":[1,3,1.5,4],"texture":"#texture"}}}],"display":{"gui":{"rotation":[10,65,0],"translation":[1,0,0],"scale":[0.9,0.9,0.9]}}}