{"textures":{"texture":"strike/misc/loadout"},"elements":[{"from":[1,0,3],"to":[5,11,11],"faces":{"down":{"uv":[4.5,9.5,0.5,11.5],"rotation":90,"texture":"#texture"},"up":{"uv":[0.5,7.5,4.5,9.5],"rotation":90,"texture":"#texture"},"north":{"uv":[4.5,0,6.5,5.5],"texture":"#texture"},"south":{"uv":[4.5,0,6.5,5.5],"texture":"#texture"},"west":{"uv":[0,0,4,5.5],"texture":"#texture"},"east":{"uv":[8,0,12,5.5],"texture":"#texture"}}},{"from":[0,5,3],"to":[1,11,11],"faces":{"down":{"uv":[0,5.5,4,6],"rotation":90,"texture":"#texture"},"up":{"uv":[0.5,7,4.5,7.5],"rotation":90,"texture":"#texture"},"north":{"uv":[6.5,0,7,3],"texture":"#texture"},"south":{"uv":[6.5,0,7,3],"texture":"#texture"},"west":{"uv":[0,0,4,3],"texture":"#texture"}}},{"from":[0,4,4],"to":[1,5,5],"faces":{"down":{"uv":[0.5,5.5,1,6],"texture":"#texture"},"north":{"uv":[0,6,0.5,6.5],"texture":"#texture"},"south":{"uv":[1,6,1.5,6.5],"texture":"#texture"},"west":{"uv":[0.5,5.5,1,6],"texture":"#texture"}}},{"from":[0,4,9],"to":[1,5,10],"faces":{"down":{"uv":[3,5.5,3.5,6],"texture":"#texture"},"north":{"uv":[2.5,6,3,6.5],"texture":"#texture"},"south":{"uv":[3.5,6,4,6.5],"texture":"#texture"},"west":{"uv":[3,3,3.5,3.5],"texture":"#texture"}}},{"from":[5,9,4],"to":[6,11,6],"faces":{"down":{"uv":[15.5,6,14.5,5.5],"rotation":90,"texture":"#texture"},"up":{"uv":[14.5,5,15.5,5.5],"rotation":90,"texture":"#texture"},"north":{"uv":[10.5,6.5,11,7.5],"texture":"#texture"},"south":{"uv":[11,6.5,11.5,7.5],"texture":"#texture"},"east":{"uv":[7,7,8,8],"texture":"#texture"}}},{"from":[5,9,8],"to":[6,11,10],"faces":{"down":{"uv":[13.5,5.5,14.5,6],"rotation":90,"texture":"#texture"},"up":{"uv":[13.5,5,14.5,5.5],"rotation":90,"texture":"#texture"},"north":{"uv":[11.5,6.5,12,7.5],"texture":"#texture"},"south":{"uv":[12,6.5,12.5,7.5],"texture":"#texture"},"east":{"uv":[6,7,7,8],"texture":"#texture"}}},{"from":[6,4,4],"to":[7,10,6],"faces":{"down":{"uv":[14.5,5.5,15.5,6],"rotation":90,"texture":"#texture"},"up":{"uv":[14.5,5.5,15.5,6],"rotation":90,"texture":"#texture"},"north":{"uv":[12,7.5,12.5,11],"texture":"#texture"},"south":{"uv":[11.5,7.5,12,11],"texture":"#texture"},"west":{"uv":[8,7.5,9,11],"texture":"#texture"},"east":{"uv":[7,7.5,8,11],"texture":"#texture"}}},{"from":[6,4,8],"to":[7,10,10],"faces":{"down":{"uv":[13.5,6,14.5,6.5],"texture":"#texture"},"up":{"uv":[13.5,5.5,14.5,6],"texture":"#texture"},"north":{"uv":[10.5,7.5,11,11],"texture":"#texture"},"south":{"uv":[11,7.5,11.5,11],"texture":"#texture"},"west":{"uv":[5,7.5,6,11],"texture":"#texture"},"east":{"uv":[6,7.5,7,11],"texture":"#texture"}}},{"from":[5,2,4],"to":[6,4,6],"faces":{"down":{"uv":[14.5,6,15.5,6.5],"rotation":90,"texture":"#texture"},"up":{"uv":[14.5,6.5,15.5,7],"rotation":90,"texture":"#texture"},"north":{"uv":[11.5,11,12,12],"texture":"#texture"},"south":{"uv":[12,11,12.5,12],"texture":"#texture"},"east":{"uv":[7,11,8,12],"texture":"#texture"}}},{"from":[5,2,8],"to":[6,4,10],"faces":{"down":{"uv":[13.5,6.5,14.5,7],"rotation":90,"texture":"#texture"},"up":{"uv":[13.5,6,14.5,6.5],"rotation":90,"texture":"#texture"},"north":{"uv":[10.5,11,11,12],"texture":"#texture"},"south":{"uv":[11,11,11.5,12],"texture":"#texture"},"east":{"uv":[6,11,7,12],"texture":"#texture"}}}],"display":{"thirdperson_righthand":{"rotation":[65,90,0],"translation":[-5.5,-2,9],"scale":[1,1,1]},"thirdperson_lefthand":{"rotation":[65,90,0],"translation":[-5.5,-2,9],"scale":[-1,1,1]},"firstperson_righthand":{"rotation":[0,90,0],"translation":[-7,3.5,5],"scale":[2,1,1.5]},"firstperson_lefthand":{"rotation":[0,90,0],"translation":[-7,3.5,5],"scale":[-2,1,1.5]},"gui":{"rotation":[0,45,0],"translation":[5,2,0],"scale":[1,1,1]}}}