{"textures":{"texture":"strike/misc/scout"},"elements":[{"from":[5.5,9,2.5],"to":[10.5,10,3.5],"faces":{"down":{"uv":[8,4,7,3],"texture":"#texture"},"up":{"uv":[7,3,8,4],"texture":"#texture"},"north":{"uv":[7,3,8,4],"texture":"#texture"},"south":{"uv":[7,3,8,4],"texture":"#texture"},"west":{"uv":[7,3,8,4],"texture":"#texture"},"east":{"uv":[7,3,8,4],"texture":"#texture"}}},{"from":[5.5,9,12.5],"to":[10.5,10,13.5],"faces":{"down":{"uv":[7,3,8,4],"texture":"#texture"},"up":{"uv":[7,3,8,4],"texture":"#texture"},"north":{"uv":[7,3,8,4],"texture":"#texture"},"south":{"uv":[7,3,8,4],"texture":"#texture"},"west":{"uv":[7,3,8,4],"texture":"#texture"},"east":{"uv":[7,3,8,4],"texture":"#texture"}}},{"from":[12.5,9,5.5],"to":[13.5,10,10.5],"faces":{"down":{"uv":[7,3,8,4],"texture":"#texture"},"up":{"uv":[7,3,8,4],"texture":"#texture"},"north":{"uv":[7,3,8,4],"texture":"#texture"},"south":{"uv":[7,3,8,4],"texture":"#texture"},"west":{"uv":[7,3,8,4],"texture":"#texture"},"east":{"uv":[7,3,8,4],"texture":"#texture"}}},{"from":[2.5,9,5.5],"to":[3.5,10,10.5],"faces":{"down":{"uv":[7,3,8,4],"texture":"#texture"},"up":{"uv":[7,3,8,4],"texture":"#texture"},"north":{"uv":[7,3,8,4],"texture":"#texture"},"south":{"uv":[7,3,8,4],"texture":"#texture"},"west":{"uv":[7,3,8,4],"texture":"#texture"},"east":{"uv":[7,3,8,4],"texture":"#texture"}}},{"from":[8,8,-0.5],"to":[20,9,11.5],"rotation":{"origin":[8,8,-0.5],"axis":"y","angle":-45},"faces":{"down":{"uv":[8.5,9,7.5,8],"texture":"#texture"},"up":{"uv":[6,1,7,2],"texture":"#texture"},"north":{"uv":[0,7,1,8],"texture":"#texture"},"south":{"uv":[7,7.5,8,8.5],"texture":"#texture"},"west":{"uv":[7,7.5,8,8.5],"texture":"#texture"},"east":{"uv":[7,7.5,8,8.5],"texture":"#texture"}}},{"from":[3.5,9,4.5],"to":[4.5,10,5.5],"faces":{"down":{"uv":[7,3,8,4],"texture":"#texture"},"up":{"uv":[7,3,8,4],"texture":"#texture"},"north":{"uv":[7,3,8,4],"texture":"#texture"},"south":{"uv":[7,3,8,4],"texture":"#texture"},"west":{"uv":[7,3,8,4],"texture":"#texture"},"east":{"uv":[7,3,8,4],"texture":"#texture"}}},{"from":[4.5,9,3.5],"to":[5.5,10,4.5],"faces":{"down":{"uv":[7,3,8,4],"texture":"#texture"},"up":{"uv":[7,3,8,4],"texture":"#texture"},"north":{"uv":[7,3,8,4],"texture":"#texture"},"south":{"uv":[7,3,8,4],"texture":"#texture"},"west":{"uv":[7,3,8,4],"texture":"#texture"},"east":{"uv":[7,3,8,4],"texture":"#texture"}}},{"from":[3.5,9,10.5],"to":[4.5,10,11.5],"faces":{"down":{"uv":[7,3,8,4],"texture":"#texture"},"up":{"uv":[7,3,8,4],"texture":"#texture"},"north":{"uv":[7,3,8,4],"texture":"#texture"},"south":{"uv":[7,3,8,4],"texture":"#texture"},"west":{"uv":[7,3,8,4],"texture":"#texture"},"east":{"uv":[7,3,8,4],"texture":"#texture"}}},{"from":[4.5,9,11.5],"to":[5.5,10,12.5],"faces":{"down":{"uv":[7,3,8,4],"texture":"#texture"},"up":{"uv":[7,3,8,4],"texture":"#texture"},"north":{"uv":[7,3,8,4],"texture":"#texture"},"south":{"uv":[7,3,8,4],"texture":"#texture"},"west":{"uv":[7,3,8,4],"texture":"#texture"},"east":{"uv":[7,3,8,4],"texture":"#texture"}}},{"from":[10.5,9,3.5],"to":[11.5,10,4.5],"faces":{"down":{"uv":[7,3,8,4],"texture":"#texture"},"up":{"uv":[7,3,8,4],"texture":"#texture"},"north":{"uv":[7,3,8,4],"texture":"#texture"},"south":{"uv":[7,3,8,4],"texture":"#texture"},"west":{"uv":[7,3,8,4],"texture":"#texture"},"east":{"uv":[7,3,8,4],"texture":"#texture"}}},{"from":[11.5,9,4.5],"to":[12.5,10,5.5],"faces":{"down":{"uv":[7,3,8,4],"texture":"#texture"},"up":{"uv":[7,3,8,4],"texture":"#texture"},"north":{"uv":[7,3,8,4],"texture":"#texture"},"south":{"uv":[7,3,8,4],"texture":"#texture"},"west":{"uv":[7,3,8,4],"texture":"#texture"},"east":{"uv":[7,3,8,4],"texture":"#texture"}}},{"from":[10.5,9,11.5],"to":[11.5,10,12.5],"faces":{"down":{"uv":[7,3,8,4],"texture":"#texture"},"up":{"uv":[7,3,8,4],"texture":"#texture"},"north":{"uv":[7,3,8,4],"texture":"#texture"},"south":{"uv":[7,3,8,4],"texture":"#texture"},"west":{"uv":[7,3,8,4],"texture":"#texture"},"east":{"uv":[7,3,8,4],"texture":"#texture"}}},{"from":[11.5,9,10.5],"to":[12.5,10,11.5],"faces":{"down":{"uv":[7,3,8,4],"texture":"#texture"},"up":{"uv":[7,3,8,4],"texture":"#texture"},"north":{"uv":[7,3,8,4],"texture":"#texture"},"south":{"uv":[7,3,8,4],"texture":"#texture"},"west":{"uv":[7,3,8,4],"texture":"#texture"},"east":{"uv":[7,3,8,4],"texture":"#texture"}}},{"from":[7.5,9,3.5],"to":[8.5,10,6.5],"faces":{"down":{"uv":[7,3,8,4],"texture":"#texture"},"up":{"uv":[7,3,8,4],"texture":"#texture"},"north":{"uv":[7,3,8,4],"texture":"#texture"},"south":{"uv":[7,3,8,4],"texture":"#texture"},"west":{"uv":[7,3,8,4],"texture":"#texture"},"east":{"uv":[7,3,8,4],"texture":"#texture"}}},{"from":[3.5,9,7.5],"to":[6.5,10,8.5],"faces":{"down":{"uv":[7,3,8,4],"texture":"#texture"},"up":{"uv":[7,3,8,4],"texture":"#texture"},"north":{"uv":[7,3,8,4],"texture":"#texture"},"south":{"uv":[7,3,8,4],"texture":"#texture"},"west":{"uv":[7,3,8,4],"texture":"#texture"},"east":{"uv":[7,3,8,4],"texture":"#texture"}}},{"from":[7.5,9,9.5],"to":[8.5,10,12.5],"faces":{"down":{"uv":[7,3,8,4],"texture":"#texture"},"up":{"uv":[7,3,8,4],"texture":"#texture"},"north":{"uv":[7,3,8,4],"texture":"#texture"},"south":{"uv":[7,3,8,4],"texture":"#texture"},"west":{"uv":[7,3,8,4],"texture":"#texture"},"east":{"uv":[7,3,8,4],"texture":"#texture"}}},{"from":[9.5,9,7.5],"to":[12.5,10,8.5],"faces":{"down":{"uv":[7,3,8,4],"texture":"#texture"},"up":{"uv":[7,3,8,4],"texture":"#texture"},"north":{"uv":[7,3,8,4],"texture":"#texture"},"south":{"uv":[7,3,8,4],"texture":"#texture"},"west":{"uv":[7,3,8,4],"texture":"#texture"},"east":{"uv":[7,3,8,4],"texture":"#texture"}}},{"from":[4.5,9,6.5],"to":[5.5,10,9.5],"faces":{"down":{"uv":[7,3,8,4],"texture":"#texture"},"up":{"uv":[7,3,8,4],"texture":"#texture"},"north":{"uv":[7,3,8,4],"texture":"#texture"},"south":{"uv":[7,3,8,4],"texture":"#texture"},"west":{"uv":[7,3,8,4],"texture":"#texture"},"east":{"uv":[7,3,8,4],"texture":"#texture"}}},{"from":[10.5,9,6.5],"to":[11.5,10,9.5],"faces":{"down":{"uv":[7,3,8,4],"texture":"#texture"},"up":{"uv":[7,3,8,4],"texture":"#texture"},"north":{"uv":[7,3,8,4],"texture":"#texture"},"south":{"uv":[7,3,8,4],"texture":"#texture"},"west":{"uv":[7,3,8,4],"texture":"#texture"},"east":{"uv":[7,3,8,4],"texture":"#texture"}}},{"from":[6.5,9,4.5],"to":[9.5,10,5.5],"faces":{"down":{"uv":[7,3,8,4],"texture":"#texture"},"up":{"uv":[7,3,8,4],"texture":"#texture"},"north":{"uv":[7,3,8,4],"texture":"#texture"},"south":{"uv":[7,3,8,4],"texture":"#texture"},"west":{"uv":[7,3,8,4],"texture":"#texture"},"east":{"uv":[7,3,8,4],"texture":"#texture"}}},{"from":[6.5,9,10.5],"to":[9.5,10,11.5],"faces":{"down":{"uv":[7,3,8,4],"texture":"#texture"},"up":{"uv":[7,3,8,4],"texture":"#texture"},"north":{"uv":[7,3,8,4],"texture":"#texture"},"south":{"uv":[7,3,8,4],"texture":"#texture"},"west":{"uv":[7,3,8,4],"texture":"#texture"},"east":{"uv":[7,3,8,4],"texture":"#texture"}}}],"display":{"thirdperson":{"rotation":[-90,0,0],"translation":[0,0,-1.6],"scale":[1,1,1]},"fixed":{"rotation":[90,0,0]},"gui":{"rotation":[-105,0,180],"scale":[0.8,0.8,0.8]}}}