{"textures":{"texture":"strike/equipment/betty"},"elements":[{"from":[5,0,5],"to":[11,7,11],"faces":{"down":{"uv":[13.999,4.499,11.001,1.501],"texture":"#texture"},"up":{"uv":[11.001,1.501,13.999,4.499],"texture":"#texture"},"north":{"uv":[1.001,1.001,3.999,4.499],"texture":"#texture"},"south":{"uv":[3.999,1.001,1.001,4.499],"texture":"#texture"},"west":{"uv":[5.501,1.001,8.499,4.499],"texture":"#texture"},"east":{"uv":[8.499,1.001,5.501,4.499],"texture":"#texture"}}},{"from":[4,0,6],"to":[12,7,10],"faces":{"down":{"uv":[14.499,3.999,10.501,2.001],"texture":"#texture"},"up":{"uv":[10.501,2.001,14.499,3.999],"texture":"#texture"},"north":{"uv":[0.501,1.001,4.499,4.499],"texture":"#texture"},"south":{"uv":[4.499,1.001,0.501,4.499],"texture":"#texture"},"west":{"uv":[6.001,1.001,7.999,4.499],"texture":"#texture"},"east":{"uv":[7.999,1.001,6.001,4.499],"texture":"#texture"}}},{"from":[6,0,4],"to":[10,7,12],"faces":{"down":{"uv":[13.499,4.999,11.501,1.001],"texture":"#texture"},"up":{"uv":[11.501,1.001,13.499,4.999],"texture":"#texture"},"north":{"uv":[1.501,1.001,3.499,4.499],"texture":"#texture"},"south":{"uv":[1.501,1.001,3.499,4.499],"texture":"#texture"},"west":{"uv":[5.001,1.001,8.999,4.499],"texture":"#texture"},"east":{"uv":[5.001,1.001,8.999,4.499],"texture":"#texture"}}},{"from":[6.5,7,7],"to":[7.5,9,8],"faces":{"up":{"uv":[3.501,5.001,3.999,5.499],"texture":"#texture"},"north":{"uv":[3.501,5.501,3.999,6.499],"texture":"#texture"},"south":{"uv":[4.501,5.501,4.999,6.499],"texture":"#texture"},"west":{"uv":[3.001,5.501,3.499,6.499],"texture":"#texture"},"east":{"uv":[4.001,5.501,4.499,6.499],"texture":"#texture"}}},{"from":[7.5,7,8],"to":[8.5,9,9],"faces":{"up":{"uv":[6.001,5.001,6.499,5.499],"texture":"#texture"},"north":{"uv":[6.001,5.501,6.499,6.499],"texture":"#texture"},"south":{"uv":[7.001,5.501,7.499,6.499],"texture":"#texture"},"west":{"uv":[5.501,5.501,5.999,6.499],"texture":"#texture"},"east":{"uv":[6.501,5.501,6.999,6.499],"texture":"#texture"}}},{"from":[8.5,7,7],"to":[9.5,9,8],"faces":{"up":{"uv":[1.001,5.001,1.499,5.499],"texture":"#texture"},"north":{"uv":[1.001,5.501,1.499,6.499],"texture":"#texture"},"south":{"uv":[2.001,5.501,2.499,6.499],"texture":"#texture"},"west":{"uv":[0.501,5.501,0.999,6.499],"texture":"#texture"},"east":{"uv":[1.501,5.501,1.999,6.499],"texture":"#texture"}}}],"display":{"thirdperson_righthand":{"rotation":[0,45,0],"translation":[0,1.5,0],"scale":[0.46,0.46,0.46]},"firstperson_righthand":{"rotation":[0,45,0],"translation":[0,3,0],"scale":[1,1,1]},"head":{"rotation":[0,180,0],"translation":[0,-8.8,0],"scale":[1,1,1]},"gui":{"rotation":[0,180,-45],"translation":[-2,2,0],"scale":[1,1,1]}}}