{"textures":{"texture":"strike/equipment/c4"},"elements":[{"from":[6,3,5.5],"to":[7,3.5,6.5],"faces":{"up":{"uv":[5,8.5,5.5,9],"texture":"#texture"},"north":{"uv":[5,8,5.5,8.5],"texture":"#texture"},"south":{"uv":[4.5,9,5,9.5],"texture":"#texture"},"west":{"uv":[4.5,8.5,5,9],"texture":"#texture"},"east":{"uv":[5.5,8.5,6,9],"texture":"#texture"}}},{"from":[6,3,10],"to":[7,3.5,11],"faces":{"up":{"uv":[5,13,5.5,13.5],"texture":"#texture"},"north":{"uv":[4.5,12.5,5,13],"texture":"#texture"},"south":{"uv":[5,13.5,5.5,14],"texture":"#texture"},"west":{"uv":[4.5,13,5,13.5],"texture":"#texture"},"east":{"uv":[5.5,13,6,13.5],"texture":"#texture"}}},{"from":[6,3.5,6.5],"to":[7,4,10],"faces":{"down":{"uv":[6.5,12,7,10],"texture":"#texture"},"up":{"uv":[5.5,10,6,12],"texture":"#texture"},"north":{"uv":[5,9.5,5.5,10],"texture":"#texture"},"south":{"uv":[5,12,5.5,12.5],"texture":"#texture"},"west":{"uv":[5,10,5.5,12],"texture":"#texture"},"east":{"uv":[6,10,6.5,12],"texture":"#texture"}}},{"from":[9,3,5.5],"to":[10,3.5,6.5],"faces":{"up":{"uv":[3.5,8.5,4,9],"texture":"#texture"},"north":{"uv":[3.5,8,4,8.5],"texture":"#texture"},"south":{"uv":[3,9,3.5,9.5],"texture":"#texture"},"west":{"uv":[3,8.5,3.5,9],"texture":"#texture"},"east":{"uv":[4,8.5,4.5,9],"texture":"#texture"}}},{"from":[9,3.5,6.5],"to":[10,4,10],"faces":{"down":{"uv":[3.5,10,4,12],"texture":"#texture"},"up":{"uv":[2.5,10,3,12],"texture":"#texture"},"north":{"uv":[3.5,9.5,4,10],"texture":"#texture"},"south":{"uv":[3.5,12,4,12.5],"texture":"#texture"},"west":{"uv":[2,10,2.5,12],"texture":"#texture"},"east":{"uv":[3,10,3.5,12],"texture":"#texture"}}},{"from":[9,3,10],"to":[10,3.5,11],"faces":{"up":{"uv":[3.5,13,4,13.5],"texture":"#texture"},"north":{"uv":[3,12.5,3.5,13],"texture":"#texture"},"south":{"uv":[3.5,13.5,4,14],"texture":"#texture"},"west":{"uv":[3,13,3.5,13.5],"texture":"#texture"},"east":{"uv":[4,13,4.5,13.5],"texture":"#texture"}}},{"from":[4,0,5.5],"to":[12,3,10.5],"faces":{"down":{"uv":[15.5,9,11.5,5],"rotation":90,"texture":"#texture"},"up":{"uv":[11.5,0.5,15.5,4.5],"rotation":90,"texture":"#texture"},"north":{"uv":[7,1.5,11,3],"texture":"#texture"},"south":{"uv":[11,5,7,6.5],"texture":"#texture"},"west":{"uv":[6.5,3.5,2.5,5],"texture":"#texture"},"east":{"uv":[2.5,3.5,6.5,5],"texture":"#texture"}}},{"from":[6,1.5,10.5],"to":[7,3,11],"faces":{"down":{"uv":[7,11,6,10.5],"texture":"#texture"},"up":{"uv":[5.75,10.75,6.75,11.25],"texture":"#texture"},"north":{"uv":[6,10.25,6.5,11],"texture":"#texture"},"south":{"uv":[5.75,10.25,6.25,11],"texture":"#texture"},"west":{"uv":[6.5,10.5,7,11.75],"texture":"#texture"},"east":{"uv":[6.5,10.5,7,11.75],"texture":"#texture"}}},{"from":[9,1.5,10.5],"to":[10,3,11],"faces":{"down":{"uv":[3.75,11,2.5,10.5],"texture":"#texture"},"up":{"uv":[2.25,10.75,3.25,11.25],"texture":"#texture"},"north":{"uv":[2.5,10.5,3,11.25],"texture":"#texture"},"south":{"uv":[2.5,10.5,3.25,11.25],"texture":"#texture"},"west":{"uv":[2.5,10.25,3,11.75],"texture":"#texture"},"east":{"uv":[2,10.25,2.5,11.75],"texture":"#texture"}}}],"display":{"thirdperson_righthand":{"rotation":[45,180,0],"translation":[0,4,4],"scale":[0.8,0.8,0.8]},"firstperson_righthand":{"translation":[0,6,0],"scale":[1,1,1]},"head":{"scale":[2,2,2],"translation":[0,-1,-24]},"gui":{"rotation":[90,-45,0],"scale":[1.5,1.5,1.5]}}}