{"textures":{"texture":"strike/equipment/claymore"},"elements":[{"from":[0,4.5,4],"to":[16,12,8],"faces":{"down":{"uv":[0,4,8,6],"texture":"#texture"},"up":{"uv":[0,4,8,6],"texture":"#texture"},"north":{"uv":[0,0,8,4],"texture":"#texture"},"south":{"uv":[0,0,8,4],"texture":"#texture"},"west":{"uv":[8.5,0,10.5,4],"texture":"#texture"},"east":{"uv":[10.5,0,8.5,4],"texture":"#texture"}}},{"from":[0,4.5,3],"to":[16,5.5,4],"faces":{"down":{"uv":[8,7,0,6.5],"texture":"#texture"},"up":{"uv":[0,7.5,8,8],"texture":"#texture"},"north":{"uv":[0,7,8,7.5],"texture":"#texture"},"west":{"uv":[8,6.5,8.5,7],"texture":"#texture"},"east":{"uv":[8,6.5,8.5,7],"texture":"#texture"}}},{"from":[0,5.5,3],"to":[1,11,4],"faces":{"north":{"uv":[2.5,7,5.5,7.5],"rotation":90,"texture":"#texture"},"west":{"uv":[2.5,6.5,5.5,7],"rotation":90,"texture":"#texture"},"east":{"uv":[2.5,7.5,5.5,8],"rotation":90,"texture":"#texture"}}},{"from":[0,11,3],"to":[16,12,4],"faces":{"down":{"uv":[8,8,0,7.5],"texture":"#texture"},"up":{"uv":[0,6.5,8,7],"texture":"#texture"},"north":{"uv":[0,7,8,7.5],"texture":"#texture"},"west":{"uv":[8,6.5,8.5,7],"texture":"#texture"},"east":{"uv":[8,6.5,8.5,7],"texture":"#texture"}}},{"from":[15,5.5,3],"to":[16,11,4],"faces":{"north":{"uv":[2.5,7,5.5,7.5],"rotation":90,"texture":"#texture"},"west":{"uv":[2.5,7.5,5.5,8],"rotation":90,"texture":"#texture"},"east":{"uv":[2.5,6.5,5.5,7],"rotation":90,"texture":"#texture"}}},{"from":[12.5,-1,5.5],"to":[13.5,5,6.5],"rotation":{"origin":[12.5,5,5.5],"axis":"x","angle":22.5},"faces":{"down":{"uv":[4,8,3.5,7.5],"texture":"#texture"},"up":{"uv":[3.5,7.5,4,8],"texture":"#texture"},"north":{"uv":[2.5,7.5,5.5,8],"rotation":90,"texture":"#texture"},"south":{"uv":[2.5,7.5,5.5,8],"rotation":90,"texture":"#texture"},"west":{"uv":[2.5,7.5,5.5,8],"rotation":90,"texture":"#texture"},"east":{"uv":[2.5,7.5,5.5,8],"rotation":90,"texture":"#texture"}}},{"from":[12.5,-1,5.5],"to":[13.5,5,6.5],"rotation":{"origin":[12.5,5,5.5],"axis":"x","angle":-22.5},"faces":{"down":{"uv":[4,8,3.5,7.5],"texture":"#texture"},"up":{"uv":[3.5,7.5,4,8],"texture":"#texture"},"north":{"uv":[2.5,7.5,5.5,8],"rotation":90,"texture":"#texture"},"south":{"uv":[2.5,7.5,5.5,8],"rotation":90,"texture":"#texture"},"west":{"uv":[2.5,7.5,5.5,8],"rotation":90,"texture":"#texture"},"east":{"uv":[2.5,7.5,5.5,8],"rotation":90,"texture":"#texture"}}},{"from":[3,-1,5.5],"to":[4,5,6.5],"rotation":{"origin":[3,5,5.5],"axis":"x","angle":22.5},"faces":{"down":{"uv":[4,8,3.5,7.5],"texture":"#texture"},"up":{"uv":[3.5,7.5,4,8],"texture":"#texture"},"north":{"uv":[2.5,7.5,5.5,8],"rotation":90,"texture":"#texture"},"south":{"uv":[2.5,7.5,5.5,8],"rotation":90,"texture":"#texture"},"west":{"uv":[2.5,7.5,5.5,8],"rotation":90,"texture":"#texture"},"east":{"uv":[2.5,7.5,5.5,8],"rotation":90,"texture":"#texture"}}},{"from":[3,-1,5.5],"to":[4,5,6.5],"rotation":{"origin":[3,5,5.5],"axis":"x","angle":-22.5},"faces":{"down":{"uv":[4,8,3.5,7.5],"texture":"#texture"},"up":{"uv":[3.5,7.5,4,8],"texture":"#texture"},"north":{"uv":[2.5,7.5,5.5,8],"rotation":90,"texture":"#texture"},"south":{"uv":[2.5,7.5,5.5,8],"rotation":90,"texture":"#texture"},"west":{"uv":[2.5,7.5,5.5,8],"rotation":90,"texture":"#texture"},"east":{"uv":[2.5,7.5,5.5,8],"rotation":90,"texture":"#texture"}}}],"display":{"thirdperson_righthand":{"rotation":[0,180,0],"translation":[0,0,-1],"scale":[0.5,0.5,0.5]},"firstperson_righthand":{"rotation":[0,165,0],"translation":[0,3,0],"scale":[0.6,0.6,0.6]},"head":{"rotation":[0,180,0],"translation":[0,-36,0],"scale":[0.9,0.9,0.9]},"gui":{"rotation":[0,0,45],"translation":[-0.5,0,0],"scale":[0.8,0.8,0.8]}}}