{"textures":{"texture":"strike/equipment/cloud"},"elements":[{"from":[-8,14,-2],"to":[18,18,4],"faces":{"down":{"uv":[16,6,3,3],"texture":"#texture"},"up":{"uv":[0,3,13,6],"texture":"#texture"},"north":{"uv":[3,7,16,9],"texture":"#texture"},"south":{"uv":[0,7,13,9],"texture":"#texture"},"west":{"uv":[3,7,6,9],"texture":"#texture"},"east":{"uv":[10,7,13,9],"texture":"#texture"}}},{"from":[-8,12,4],"to":[22,14,16],"faces":{"down":{"uv":[16,12,1,6],"texture":"#texture"},"up":{"uv":[0,6,15,12],"texture":"#texture"},"north":{"uv":[1,9,16,10],"texture":"#texture"},"south":{"uv":[0,9,15,10],"texture":"#texture"},"west":{"uv":[6,9,12,10],"texture":"#texture"},"east":{"uv":[4,9,10,10],"texture":"#texture"}}},{"from":[-8,10,6],"to":[20,12,16],"faces":{"down":{"uv":[16,12,2,7],"texture":"#texture"},"north":{"uv":[2,10,16,11],"texture":"#texture"},"south":{"uv":[0,10,14,11],"texture":"#texture"},"west":{"uv":[7,10,12,11],"texture":"#texture"},"east":{"uv":[4,10,9,11],"texture":"#texture"}}},{"from":[-8,14,6],"to":[24,16,10],"faces":{"down":{"uv":[16,9,0,7],"texture":"#texture"},"up":{"uv":[0,7,16,9],"texture":"#texture"},"north":{"uv":[0,8,16,9],"texture":"#texture"},"south":{"uv":[0,8,16,9],"texture":"#texture"},"west":{"uv":[7,8,9,9],"texture":"#texture"},"east":{"uv":[7,8,9,9],"texture":"#texture"}}},{"from":[-8,8,8],"to":[18,10,10],"faces":{"down":{"uv":[16,9,3,8],"texture":"#texture"},"north":{"uv":[3,11,16,12],"texture":"#texture"},"south":{"uv":[0,11,13,12],"texture":"#texture"},"west":{"uv":[8,11,9,12],"texture":"#texture"},"east":{"uv":[7,11,8,12],"texture":"#texture"}}},{"from":[-6,10,-4],"to":[12,12,6],"faces":{"down":{"uv":[15,7,6,2],"texture":"#texture"},"up":{"uv":[1,2,10,7],"texture":"#texture"},"north":{"uv":[6,10,15,11],"texture":"#texture"},"west":{"uv":[2,10,7,11],"texture":"#texture"},"east":{"uv":[9,10,14,11],"texture":"#texture"}}},{"from":[-6,12,-4],"to":[12,14,4],"faces":{"up":{"uv":[1,2,10,6],"texture":"#texture"},"north":{"uv":[6,9,15,10],"texture":"#texture"},"west":{"uv":[2,9,6,10],"texture":"#texture"},"east":{"uv":[10,9,14,10],"texture":"#texture"}}},{"from":[-6,14,-4],"to":[14,16,-2],"faces":{"down":{"uv":[15,3,5,2],"texture":"#texture"},"up":{"uv":[1,2,11,3],"texture":"#texture"},"north":{"uv":[5,8,15,9],"texture":"#texture"},"west":{"uv":[2,8,3,9],"texture":"#texture"},"east":{"uv":[13,8,14,9],"texture":"#texture"}}},{"from":[-6,18,-2],"to":[16,20,4],"faces":{"up":{"uv":[1,3,12,6],"texture":"#texture"},"north":{"uv":[4,6,15,7],"texture":"#texture"},"south":{"uv":[1,6,12,7],"texture":"#texture"},"west":{"uv":[3,6,6,7],"texture":"#texture"},"east":{"uv":[10,6,13,7],"texture":"#texture"}}},{"from":[-6,8,4],"to":[16,10,8],"faces":{"down":{"uv":[15,8,4,6],"texture":"#texture"},"up":{"uv":[1,6,12,8],"texture":"#texture"},"north":{"uv":[4,11,15,12],"texture":"#texture"},"west":{"uv":[6,11,8,12],"texture":"#texture"},"east":{"uv":[8,11,10,12],"texture":"#texture"}}},{"from":[-6,14,4],"to":[22,18,6],"faces":{"up":{"uv":[1,6,15,7],"texture":"#texture"},"north":{"uv":[1,7,15,9],"texture":"#texture"},"south":{"uv":[1,7,15,9],"texture":"#texture"},"west":{"uv":[6,7,7,9],"texture":"#texture"},"east":{"uv":[9,7,10,9],"texture":"#texture"}}},{"from":[-6,16,6],"to":[24,18,18],"faces":{"down":{"uv":[15,13,0,7],"texture":"#texture"},"up":{"uv":[1,7,16,13],"texture":"#texture"},"north":{"uv":[0,7,15,8],"texture":"#texture"},"south":{"uv":[1,7,16,8],"texture":"#texture"},"west":{"uv":[7,7,13,8],"texture":"#texture"},"east":{"uv":[3,7,9,8],"texture":"#texture"}}},{"from":[-6,18,6],"to":[22,20,16],"faces":{"up":{"uv":[1,7,15,12],"texture":"#texture"},"north":{"uv":[1,6,15,7],"texture":"#texture"},"south":{"uv":[1,6,15,7],"texture":"#texture"},"west":{"uv":[7,6,12,7],"texture":"#texture"},"east":{"uv":[4,6,9,7],"texture":"#texture"}}},{"from":[-6,8,10],"to":[20,10,14],"faces":{"down":{"uv":[15,11,2,9],"texture":"#texture"},"north":{"uv":[2,11,15,12],"texture":"#texture"},"south":{"uv":[1,11,14,12],"texture":"#texture"},"west":{"uv":[9,11,11,12],"texture":"#texture"},"east":{"uv":[5,11,7,12],"texture":"#texture"}}},{"from":[-6,14,10],"to":[24,16,18],"faces":{"down":{"uv":[15,13,0,9],"texture":"#texture"},"south":{"uv":[1,8,16,9],"texture":"#texture"},"west":{"uv":[9,8,13,9],"texture":"#texture"},"east":{"uv":[3,8,7,9],"texture":"#texture"}}},{"from":[-6,20,10],"to":[22,22,16],"faces":{"up":{"uv":[1,9,15,12],"texture":"#texture"},"north":{"uv":[1,5,15,6],"texture":"#texture"},"south":{"uv":[1,5,15,6],"texture":"#texture"},"west":{"uv":[9,5,12,6],"texture":"#texture"},"east":{"uv":[4,5,7,6],"texture":"#texture"}}},{"from":[-6,22,12],"to":[22,24,14],"faces":{"up":{"uv":[1,10,15,11],"texture":"#texture"},"north":{"uv":[1,4,15,5],"texture":"#texture"},"south":{"uv":[1,4,15,5],"texture":"#texture"},"west":{"uv":[10,4,11,5],"texture":"#texture"},"east":{"uv":[5,4,6,5],"texture":"#texture"}}},{"from":[-6,12,16],"to":[22,14,20],"faces":{"down":{"uv":[15,14,1,12],"texture":"#texture"},"up":{"uv":[1,12,15,14],"texture":"#texture"},"south":{"uv":[1,9,15,10],"texture":"#texture"},"west":{"uv":[12,9,14,10],"texture":"#texture"},"east":{"uv":[2,9,4,10],"texture":"#texture"}}},{"from":[-4,12,-6],"to":[10,18,-4],"faces":{"down":{"uv":[14,2,7,1],"texture":"#texture"},"up":{"uv":[2,1,9,2],"texture":"#texture"},"north":{"uv":[7,7,14,10],"texture":"#texture"},"south":{"uv":[2,7,9,10],"texture":"#texture"},"west":{"uv":[1,7,2,10],"texture":"#texture"},"east":{"uv":[14,7,15,10],"texture":"#texture"}}},{"from":[-4,8,-4],"to":[10,10,4],"faces":{"down":{"uv":[14,6,7,2],"texture":"#texture"},"north":{"uv":[7,11,14,12],"texture":"#texture"},"west":{"uv":[2,11,6,12],"texture":"#texture"},"east":{"uv":[10,11,14,12],"texture":"#texture"}}},{"from":[-4,16,-4],"to":[16,20,-2],"faces":{"down":{"uv":[14,3,4,2],"texture":"#texture"},"up":{"uv":[2,2,12,3],"texture":"#texture"},"north":{"uv":[4,6,14,8],"texture":"#texture"},"south":{"uv":[2,6,12,8],"texture":"#texture"},"west":{"uv":[2,6,3,8],"texture":"#texture"},"east":{"uv":[13,6,14,8],"texture":"#texture"}}},{"from":[-4,6,-2],"to":[2,8,14],"faces":{"down":{"uv":[14,11,11,3],"texture":"#texture"},"up":{"uv":[2,3,5,11],"texture":"#texture"},"north":{"uv":[11,12,14,13],"texture":"#texture"},"south":{"uv":[2,12,5,13],"texture":"#texture"},"west":{"uv":[3,12,11,13],"texture":"#texture"},"east":{"uv":[5,12,13,13],"texture":"#texture"}}},{"from":[-4,20,-2],"to":[16,22,10],"faces":{"down":{"uv":[14,9,4,3],"texture":"#texture"},"up":{"uv":[2,3,12,9],"texture":"#texture"},"north":{"uv":[4,5,14,6],"texture":"#texture"},"west":{"uv":[3,5,9,6],"texture":"#texture"},"east":{"uv":[7,5,13,6],"texture":"#texture"}}},{"from":[-4,22,0],"to":[16,24,8],"faces":{"up":{"uv":[2,4,12,8],"texture":"#texture"},"north":{"uv":[4,4,14,5],"texture":"#texture"},"south":{"uv":[2,4,12,5],"texture":"#texture"},"west":{"uv":[4,4,8,5],"texture":"#texture"},"east":{"uv":[8,4,12,5],"texture":"#texture"}}},{"from":[-4,18,4],"to":[22,20,6],"faces":{"up":{"uv":[2,6,15,7],"texture":"#texture"},"north":{"uv":[1,6,14,7],"texture":"#texture"},"west":{"uv":[6,6,7,7],"texture":"#texture"},"east":{"uv":[9,6,10,7],"texture":"#texture"}}},{"from":[-4,22,10],"to":[22,24,12],"faces":{"up":{"uv":[2,9,15,10],"texture":"#texture"},"north":{"uv":[1,4,14,5],"texture":"#texture"},"west":{"uv":[9,4,10,5],"texture":"#texture"},"east":{"uv":[6,4,7,5],"texture":"#texture"}}},{"from":[-4,8,14],"to":[2,10,16],"faces":{"down":{"uv":[14,12,11,11],"texture":"#texture"},"south":{"uv":[2,11,5,12],"texture":"#texture"},"west":{"uv":[11,11,12,12],"texture":"#texture"},"east":{"uv":[4,11,5,12],"texture":"#texture"}}},{"from":[-4,22,14],"to":[20,24,16],"faces":{"up":{"uv":[2,11,14,12],"texture":"#texture"},"south":{"uv":[2,4,14,5],"texture":"#texture"},"west":{"uv":[11,4,12,5],"texture":"#texture"},"east":{"uv":[4,4,5,5],"texture":"#texture"}}},{"from":[-4,10,16],"to":[4,12,20],"faces":{"down":{"uv":[14,14,10,12],"texture":"#texture"},"south":{"uv":[2,10,6,11],"texture":"#texture"},"west":{"uv":[12,10,14,11],"texture":"#texture"},"east":{"uv":[2,10,4,11],"texture":"#texture"}}},{"from":[-4,18,16],"to":[22,20,18],"faces":{"up":{"uv":[2,12,15,13],"texture":"#texture"},"south":{"uv":[2,6,15,7],"texture":"#texture"},"west":{"uv":[12,6,13,7],"texture":"#texture"},"east":{"uv":[3,6,4,7],"texture":"#texture"}}},{"from":[-4,14,18],"to":[20,16,22],"faces":{"down":{"uv":[14,15,2,13],"texture":"#texture"},"up":{"uv":[2,13,14,15],"texture":"#texture"},"south":{"uv":[2,8,14,9],"texture":"#texture"},"west":{"uv":[13,8,15,9],"texture":"#texture"},"east":{"uv":[1,8,3,9],"texture":"#texture"}}},{"from":[-4,12,20],"to":[20,14,22],"faces":{"down":{"uv":[14,15,2,14],"texture":"#texture"},"south":{"uv":[2,9,14,10],"texture":"#texture"},"west":{"uv":[14,9,15,10],"texture":"#texture"},"east":{"uv":[1,9,2,10],"texture":"#texture"}}},{"from":[-2,10,-6],"to":[10,12,-4],"faces":{"down":{"uv":[13,2,7,1],"texture":"#texture"},"north":{"uv":[7,10,13,11],"texture":"#texture"},"west":{"uv":[1,10,2,11],"texture":"#texture"},"east":{"uv":[14,10,15,11],"texture":"#texture"}}},{"from":[-2,18,-6],"to":[8,20,-4],"faces":{"up":{"uv":[3,1,8,2],"texture":"#texture"},"north":{"uv":[8,6,13,7],"texture":"#texture"},"west":{"uv":[1,6,2,7],"texture":"#texture"},"east":{"uv":[14,6,15,7],"texture":"#texture"}}},{"from":[-2,6,-4],"to":[6,8,-2],"faces":{"down":{"uv":[13,3,9,2],"texture":"#texture"},"north":{"uv":[9,12,13,13],"texture":"#texture"},"south":{"uv":[3,12,7,13],"texture":"#texture"},"west":{"uv":[2,12,3,13],"texture":"#texture"},"east":{"uv":[13,12,14,13],"texture":"#texture"}}},{"from":[-2,20,-4],"to":[14,22,-2],"faces":{"up":{"uv":[3,2,11,3],"texture":"#texture"},"north":{"uv":[5,5,13,6],"texture":"#texture"},"west":{"uv":[2,5,3,6],"texture":"#texture"},"east":{"uv":[13,5,14,6],"texture":"#texture"}}},{"from":[-2,22,-2],"to":[12,24,0],"faces":{"up":{"uv":[3,3,10,4],"texture":"#texture"},"north":{"uv":[6,4,13,5],"texture":"#texture"},"west":{"uv":[3,4,4,5],"texture":"#texture"},"east":{"uv":[12,4,13,5],"texture":"#texture"}}},{"from":[-2,4,2],"to":[8,6,6],"faces":{"down":{"uv":[13,7,8,5],"texture":"#texture"},"up":{"uv":[3,5,8,7],"texture":"#texture"},"north":{"uv":[8,13,13,14],"texture":"#texture"},"south":{"uv":[3,13,8,14],"texture":"#texture"},"west":{"uv":[5,13,7,14],"texture":"#texture"},"east":{"uv":[9,13,11,14],"texture":"#texture"}}},{"from":[-2,24,6],"to":[18,26,12],"faces":{"down":{"uv":[13,10,3,7],"texture":"#texture"},"up":{"uv":[3,7,13,10],"texture":"#texture"},"north":{"uv":[3,3,13,4],"texture":"#texture"},"south":{"uv":[3,3,13,4],"texture":"#texture"},"west":{"uv":[7,3,10,4],"texture":"#texture"},"east":{"uv":[6,3,9,4],"texture":"#texture"}}},{"from":[-2,22,8],"to":[20,24,10],"faces":{"down":{"uv":[13,9,2,8],"texture":"#texture"},"up":{"uv":[3,8,14,9],"texture":"#texture"},"north":{"uv":[2,4,13,5],"texture":"#texture"},"west":{"uv":[8,4,9,5],"texture":"#texture"},"east":{"uv":[7,4,8,5],"texture":"#texture"}}},{"from":[-2,20,16],"to":[0,24,18],"faces":{"up":{"uv":[3,12,4,13],"texture":"#texture"},"north":{"uv":[12,4,13,6],"texture":"#texture"},"south":{"uv":[3,4,4,6],"texture":"#texture"},"west":{"uv":[12,4,13,6],"texture":"#texture"},"east":{"uv":[3,4,4,6],"texture":"#texture"}}},{"from":[-2,16,18],"to":[20,18,22],"faces":{"up":{"uv":[3,13,14,15],"texture":"#texture"},"south":{"uv":[3,7,14,8],"texture":"#texture"},"west":{"uv":[13,7,15,8],"texture":"#texture"},"east":{"uv":[1,7,3,8],"texture":"#texture"}}},{"from":[-2,18,18],"to":[20,20,20],"faces":{"up":{"uv":[3,13,14,14],"texture":"#texture"},"south":{"uv":[3,6,14,7],"texture":"#texture"},"west":{"uv":[13,6,14,7],"texture":"#texture"},"east":{"uv":[2,6,3,7],"texture":"#texture"}}},{"from":[0,10,-8],"to":[6,18,-6],"faces":{"down":{"uv":[12,1,9,0],"texture":"#texture"},"up":{"uv":[4,0,7,1],"texture":"#texture"},"north":{"uv":[9,7,12,11],"texture":"#texture"},"south":{"uv":[4,7,7,11],"texture":"#texture"},"west":{"uv":[0,7,1,11],"texture":"#texture"},"east":{"uv":[15,7,16,11],"texture":"#texture"}}},{"from":[0,8,-6],"to":[8,10,-4],"faces":{"down":{"uv":[12,2,8,1],"texture":"#texture"},"north":{"uv":[8,11,12,12],"texture":"#texture"},"west":{"uv":[1,11,2,12],"texture":"#texture"},"east":{"uv":[14,11,15,12],"texture":"#texture"}}},{"from":[0,4,0],"to":[8,6,2],"faces":{"down":{"uv":[12,5,8,4],"texture":"#texture"},"up":{"uv":[4,4,8,5],"texture":"#texture"},"north":{"uv":[8,13,12,14],"texture":"#texture"},"west":{"uv":[4,13,5,14],"texture":"#texture"},"east":{"uv":[11,13,12,14],"texture":"#texture"}}},{"from":[0,4,6],"to":[10,6,8],"faces":{"down":{"uv":[12,8,7,7],"texture":"#texture"},"up":{"uv":[4,7,9,8],"texture":"#texture"},"north":{"uv":[7,13,12,14],"texture":"#texture"},"south":{"uv":[4,13,9,14],"texture":"#texture"},"west":{"uv":[7,13,8,14],"texture":"#texture"},"east":{"uv":[8,13,9,14],"texture":"#texture"}}},{"from":[0,26,6],"to":[10,28,10],"faces":{"up":{"uv":[4,7,9,9],"texture":"#texture"},"north":{"uv":[7,2,12,3],"texture":"#texture"},"south":{"uv":[4,2,9,3],"texture":"#texture"},"west":{"uv":[7,2,9,3],"texture":"#texture"},"east":{"uv":[7,2,9,3],"texture":"#texture"}}},{"from":[0,20,16],"to":[20,22,18],"faces":{"up":{"uv":[4,12,14,13],"texture":"#texture"},"south":{"uv":[4,5,14,6],"texture":"#texture"},"east":{"uv":[3,5,4,6],"texture":"#texture"}}},{"from":[0,18,20],"to":[2,20,22],"faces":{"up":{"uv":[4,14,5,15],"texture":"#texture"},"south":{"uv":[4,6,5,7],"texture":"#texture"},"west":{"uv":[14,6,15,7],"texture":"#texture"},"east":{"uv":[1,6,2,7],"texture":"#texture"}}},{"from":[0,12,22],"to":[16,18,24],"faces":{"down":{"uv":[12,16,4,15],"texture":"#texture"},"up":{"uv":[4,15,12,16],"texture":"#texture"},"north":{"uv":[4,7,12,10],"texture":"#texture"},"south":{"uv":[4,7,12,10],"texture":"#texture"},"west":{"uv":[15,7,16,10],"texture":"#texture"},"east":{"uv":[0,7,1,10],"texture":"#texture"}}},{"from":[2,6,-2],"to":[10,8,12],"faces":{"down":{"uv":[11,10,7,3],"texture":"#texture"},"up":{"uv":[5,3,9,10],"texture":"#texture"},"north":{"uv":[7,12,11,13],"texture":"#texture"},"south":{"uv":[5,12,9,13],"texture":"#texture"},"east":{"uv":[6,12,13,13],"texture":"#texture"}}},{"from":[2,24,2],"to":[14,26,6],"faces":{"up":{"uv":[5,5,11,7],"texture":"#texture"},"north":{"uv":[5,3,11,4],"texture":"#texture"},"west":{"uv":[5,3,7,4],"texture":"#texture"},"east":{"uv":[9,3,11,4],"texture":"#texture"}}},{"from":[2,22,16],"to":[18,24,18],"faces":{"up":{"uv":[5,12,13,13],"texture":"#texture"},"south":{"uv":[5,4,13,5],"texture":"#texture"},"west":{"uv":[12,4,13,5],"texture":"#texture"},"east":{"uv":[3,4,4,5],"texture":"#texture"}}},{"from":[2,20,18],"to":[20,22,20],"faces":{"up":{"uv":[5,13,14,14],"texture":"#texture"},"south":{"uv":[5,5,14,6],"texture":"#texture"},"west":{"uv":[13,5,14,6],"texture":"#texture"},"east":{"uv":[2,5,3,6],"texture":"#texture"}}},{"from":[4,4,-2],"to":[6,6,0],"faces":{"down":{"uv":[10,4,9,3],"texture":"#texture"},"north":{"uv":[9,13,10,14],"texture":"#texture"},"west":{"uv":[3,13,4,14],"texture":"#texture"},"east":{"uv":[12,13,13,14],"texture":"#texture"}}},{"from":[4,24,0],"to":[12,26,2],"faces":{"up":{"uv":[6,4,10,5],"texture":"#texture"},"north":{"uv":[6,3,10,4],"texture":"#texture"},"west":{"uv":[4,3,5,4],"texture":"#texture"},"east":{"uv":[11,3,12,4],"texture":"#texture"}}},{"from":[4,26,4],"to":[14,28,6],"faces":{"up":{"uv":[6,6,11,7],"texture":"#texture"},"north":{"uv":[5,2,10,3],"texture":"#texture"},"south":{"uv":[6,2,11,3],"texture":"#texture"},"west":{"uv":[6,2,7,3],"texture":"#texture"},"east":{"uv":[9,2,10,3],"texture":"#texture"}}},{"from":[4,4,8],"to":[12,6,10],"faces":{"down":{"uv":[10,9,6,8],"texture":"#texture"},"up":{"uv":[6,8,10,9],"texture":"#texture"},"north":{"uv":[6,13,10,14],"texture":"#texture"},"south":{"uv":[6,13,10,14],"texture":"#texture"},"west":{"uv":[8,13,9,14],"texture":"#texture"},"east":{"uv":[7,13,8,14],"texture":"#texture"}}},{"from":[4,24,12],"to":[18,26,14],"faces":{"up":{"uv":[6,10,13,11],"texture":"#texture"},"south":{"uv":[6,3,13,4],"texture":"#texture"},"west":{"uv":[10,3,11,4],"texture":"#texture"},"east":{"uv":[5,3,6,4],"texture":"#texture"}}},{"from":[4,8,14],"to":[22,10,16],"faces":{"down":{"uv":[10,12,1,11],"texture":"#texture"},"up":{"uv":[6,11,15,12],"texture":"#texture"},"north":{"uv":[1,11,10,12],"texture":"#texture"},"south":{"uv":[6,11,15,12],"texture":"#texture"},"west":{"uv":[11,11,12,12],"texture":"#texture"},"east":{"uv":[4,11,5,12],"texture":"#texture"}}},{"from":[4,10,16],"to":[22,12,18],"faces":{"down":{"uv":[10,13,1,12],"texture":"#texture"},"north":{"uv":[1,10,10,11],"texture":"#texture"},"south":{"uv":[6,10,15,11],"texture":"#texture"},"east":{"uv":[3,10,4,11],"texture":"#texture"}}},{"from":[4,18,20],"to":[16,22,22],"faces":{"up":{"uv":[6,14,12,15],"texture":"#texture"},"north":{"uv":[4,5,10,7],"texture":"#texture"},"south":{"uv":[6,5,12,7],"texture":"#texture"},"west":{"uv":[14,5,15,7],"texture":"#texture"},"east":{"uv":[1,5,2,7],"texture":"#texture"}}},{"from":[6,10,-8],"to":[8,16,-6],"faces":{"down":{"uv":[9,1,8,0],"texture":"#texture"},"up":{"uv":[7,0,8,1],"texture":"#texture"},"north":{"uv":[8,8,9,11],"texture":"#texture"},"south":{"uv":[7,8,8,11],"texture":"#texture"},"east":{"uv":[15,8,16,11],"texture":"#texture"}}},{"from":[6,6,12],"to":[8,8,14],"faces":{"down":{"uv":[9,11,8,10],"texture":"#texture"},"south":{"uv":[7,12,8,13],"texture":"#texture"},"west":{"uv":[10,12,11,13],"texture":"#texture"},"east":{"uv":[5,12,6,13],"texture":"#texture"}}},{"from":[6,24,14],"to":[18,26,16],"faces":{"up":{"uv":[7,11,13,12],"texture":"#texture"},"south":{"uv":[7,3,13,4],"texture":"#texture"},"west":{"uv":[11,3,12,4],"texture":"#texture"},"east":{"uv":[4,3,5,4],"texture":"#texture"}}},{"from":[6,8,16],"to":[20,10,18],"faces":{"down":{"uv":[9,13,2,12],"texture":"#texture"},"south":{"uv":[7,11,14,12],"texture":"#texture"},"west":{"uv":[12,11,13,12],"texture":"#texture"},"east":{"uv":[3,11,4,12],"texture":"#texture"}}},{"from":[6,10,18],"to":[20,12,20],"faces":{"down":{"uv":[9,14,2,13],"texture":"#texture"},"south":{"uv":[7,10,14,11],"texture":"#texture"},"west":{"uv":[13,10,14,11],"texture":"#texture"},"east":{"uv":[2,10,3,11],"texture":"#texture"}}},{"from":[6,18,22],"to":[14,22,24],"faces":{"up":{"uv":[7,15,11,16],"texture":"#texture"},"south":{"uv":[7,5,11,7],"texture":"#texture"},"west":{"uv":[15,5,16,7],"texture":"#texture"},"east":{"uv":[0,5,1,7],"texture":"#texture"}}},{"from":[8,22,-4],"to":[10,24,-2],"faces":{"up":{"uv":[8,2,9,3],"texture":"#texture"},"north":{"uv":[7,4,8,5],"texture":"#texture"},"west":{"uv":[2,4,3,5],"texture":"#texture"},"east":{"uv":[13,4,14,5],"texture":"#texture"}}},{"from":[8,4,4],"to":[10,6,6],"faces":{"down":{"uv":[8,7,7,6],"texture":"#texture"},"north":{"uv":[7,13,8,14],"texture":"#texture"},"east":{"uv":[9,13,10,14],"texture":"#texture"}}},{"from":[8,4,10],"to":[12,6,12],"faces":{"down":{"uv":[8,10,6,9],"texture":"#texture"},"up":{"uv":[8,9,10,10],"texture":"#texture"},"south":{"uv":[8,13,10,14],"texture":"#texture"},"west":{"uv":[9,13,10,14],"texture":"#texture"},"east":{"uv":[6,13,7,14],"texture":"#texture"}}},{"from":[8,22,18],"to":[18,24,20],"faces":{"up":{"uv":[8,13,13,14],"texture":"#texture"},"south":{"uv":[8,4,13,5],"texture":"#texture"},"west":{"uv":[13,4,14,5],"texture":"#texture"},"east":{"uv":[2,4,3,5],"texture":"#texture"}}},{"from":[8,10,20],"to":[18,12,22],"faces":{"down":{"uv":[8,15,3,14],"texture":"#texture"},"south":{"uv":[8,10,13,11],"texture":"#texture"},"west":{"uv":[14,10,15,11],"texture":"#texture"},"east":{"uv":[1,10,2,11],"texture":"#texture"}}},{"from":[10,12,-6],"to":[12,16,-4],"faces":{"down":{"uv":[7,2,6,1],"texture":"#texture"},"up":{"uv":[9,1,10,2],"texture":"#texture"},"north":{"uv":[6,8,7,10],"texture":"#texture"},"south":{"uv":[9,8,10,10],"texture":"#texture"},"east":{"uv":[14,8,15,10],"texture":"#texture"}}},{"from":[10,8,0],"to":[12,10,4],"faces":{"down":{"uv":[7,6,6,4],"texture":"#texture"},"north":{"uv":[6,11,7,12],"texture":"#texture"},"east":{"uv":[10,11,12,12],"texture":"#texture"}}},{"from":[10,6,2],"to":[12,8,16],"faces":{"down":{"uv":[7,12,6,5],"texture":"#texture"},"up":{"uv":[9,5,10,12],"texture":"#texture"},"north":{"uv":[6,12,7,13],"texture":"#texture"},"south":{"uv":[9,12,10,13],"texture":"#texture"},"west":{"uv":[5,12,12,13],"texture":"#texture"},"east":{"uv":[4,12,11,13],"texture":"#texture"}}},{"from":[10,26,2],"to":[12,28,4],"faces":{"up":{"uv":[9,5,10,6],"texture":"#texture"},"north":{"uv":[6,2,7,3],"texture":"#texture"},"west":{"uv":[5,2,6,3],"texture":"#texture"},"east":{"uv":[10,2,11,3],"texture":"#texture"}}},{"from":[10,26,6],"to":[14,28,8],"faces":{"up":{"uv":[9,7,11,8],"texture":"#texture"},"south":{"uv":[9,2,11,3],"texture":"#texture"},"east":{"uv":[8,2,9,3],"texture":"#texture"}}},{"from":[10,22,20],"to":[14,24,22],"faces":{"up":{"uv":[9,14,11,15],"texture":"#texture"},"south":{"uv":[9,4,11,5],"texture":"#texture"},"west":{"uv":[14,4,15,5],"texture":"#texture"},"east":{"uv":[1,4,2,5],"texture":"#texture"}}},{"from":[10,10,22],"to":[16,12,24],"faces":{"down":{"uv":[7,16,4,15],"texture":"#texture"},"south":{"uv":[9,10,12,11],"texture":"#texture"},"west":{"uv":[15,10,16,11],"texture":"#texture"},"east":{"uv":[0,10,1,11],"texture":"#texture"}}},{"from":[12,10,-2],"to":[14,12,6],"faces":{"down":{"uv":[6,7,5,3],"texture":"#texture"},"up":{"uv":[10,3,11,7],"texture":"#texture"},"north":{"uv":[5,10,6,11],"texture":"#texture"},"east":{"uv":[9,10,13,11],"texture":"#texture"}}},{"from":[12,12,-2],"to":[14,14,4],"faces":{"north":{"uv":[5,9,6,10],"texture":"#texture"},"east":{"uv":[10,9,13,10],"texture":"#texture"}}},{"from":[12,8,2],"to":[16,10,4],"faces":{"down":{"uv":[6,6,4,5],"texture":"#texture"},"up":{"uv":[10,5,12,6],"texture":"#texture"},"north":{"uv":[4,11,6,12],"texture":"#texture"},"east":{"uv":[10,11,11,12],"texture":"#texture"}}},{"from":[12,6,6],"to":[14,8,18],"faces":{"down":{"uv":[6,13,5,7],"texture":"#texture"},"up":{"uv":[10,7,11,13],"texture":"#texture"},"north":{"uv":[5,12,6,13],"texture":"#texture"},"south":{"uv":[10,12,11,13],"texture":"#texture"},"west":{"uv":[7,12,13,13],"texture":"#texture"},"east":{"uv":[3,12,9,13],"texture":"#texture"}}},{"from":[12,26,8],"to":[14,28,10],"faces":{"up":{"uv":[10,8,11,9],"texture":"#texture"},"south":{"uv":[10,2,11,3],"texture":"#texture"},"west":{"uv":[8,2,9,3],"texture":"#texture"},"east":{"uv":[7,2,8,3],"texture":"#texture"}}},{"from":[12,8,18],"to":[20,10,20],"faces":{"down":{"uv":[6,14,2,13],"texture":"#texture"},"south":{"uv":[10,11,14,12],"texture":"#texture"},"west":{"uv":[13,11,14,12],"texture":"#texture"},"east":{"uv":[2,11,3,12],"texture":"#texture"}}},{"from":[14,12,0],"to":[16,14,4],"faces":{"down":{"uv":[5,6,4,4],"texture":"#texture"},"north":{"uv":[4,9,5,10],"texture":"#texture"},"east":{"uv":[10,9,12,10],"texture":"#texture"}}},{"from":[14,10,2],"to":[18,12,6],"faces":{"down":{"uv":[5,7,3,5],"texture":"#texture"},"up":{"uv":[11,5,13,7],"texture":"#texture"},"north":{"uv":[3,10,5,11],"texture":"#texture"},"east":{"uv":[9,10,11,11],"texture":"#texture"}}},{"from":[14,24,4],"to":[16,26,6],"faces":{"up":{"uv":[11,6,12,7],"texture":"#texture"},"north":{"uv":[4,3,5,4],"texture":"#texture"},"east":{"uv":[9,3,10,4],"texture":"#texture"}}},{"from":[14,6,8],"to":[16,8,20],"faces":{"down":{"uv":[5,14,4,8],"texture":"#texture"},"up":{"uv":[11,8,12,14],"texture":"#texture"},"north":{"uv":[4,12,5,13],"texture":"#texture"},"south":{"uv":[11,12,12,13],"texture":"#texture"},"west":{"uv":[8,12,14,13],"texture":"#texture"},"east":{"uv":[2,12,8,13],"texture":"#texture"}}},{"from":[14,8,20],"to":[18,10,22],"faces":{"down":{"uv":[5,15,3,14],"texture":"#texture"},"south":{"uv":[11,11,13,12],"texture":"#texture"},"west":{"uv":[14,11,15,12],"texture":"#texture"},"east":{"uv":[1,11,2,12],"texture":"#texture"}}},{"from":[16,18,0],"to":[18,22,4],"faces":{"up":{"uv":[12,4,13,6],"texture":"#texture"},"north":{"uv":[3,5,4,7],"texture":"#texture"},"south":{"uv":[12,5,13,7],"texture":"#texture"},"west":{"uv":[4,5,6,7],"texture":"#texture"},"east":{"uv":[10,5,12,7],"texture":"#texture"}}},{"from":[16,12,2],"to":[20,14,4],"faces":{"down":{"uv":[4,6,2,5],"texture":"#texture"},"up":{"uv":[12,5,14,6],"texture":"#texture"},"north":{"uv":[2,9,4,10],"texture":"#texture"},"east":{"uv":[10,9,11,10],"texture":"#texture"}}},{"from":[16,22,2],"to":[18,24,8],"faces":{"down":{"uv":[4,8,3,5],"texture":"#texture"},"up":{"uv":[12,5,13,8],"texture":"#texture"},"north":{"uv":[3,4,4,5],"texture":"#texture"},"east":{"uv":[8,4,11,5],"texture":"#texture"}}},{"from":[16,20,4],"to":[22,22,10],"faces":{"down":{"uv":[4,9,1,6],"texture":"#texture"},"up":{"uv":[12,6,15,9],"texture":"#texture"},"north":{"uv":[1,5,4,6],"texture":"#texture"},"east":{"uv":[7,5,10,6],"texture":"#texture"}}},{"from":[16,6,10],"to":[18,8,20],"faces":{"down":{"uv":[4,14,3,9],"texture":"#texture"},"up":{"uv":[12,9,13,14],"texture":"#texture"},"north":{"uv":[3,12,4,13],"texture":"#texture"},"south":{"uv":[12,12,13,13],"texture":"#texture"},"east":{"uv":[2,12,7,13],"texture":"#texture"}}},{"from":[16,18,20],"to":[18,20,22],"faces":{"up":{"uv":[12,14,13,15],"texture":"#texture"},"south":{"uv":[12,6,13,7],"texture":"#texture"},"east":{"uv":[1,6,2,7],"texture":"#texture"}}},{"from":[18,16,0],"to":[20,20,4],"faces":{"down":{"uv":[3,6,2,4],"texture":"#texture"},"up":{"uv":[13,4,14,6],"texture":"#texture"},"north":{"uv":[2,6,3,8],"texture":"#texture"},"south":{"uv":[13,6,14,8],"texture":"#texture"},"west":{"uv":[4,6,6,8],"texture":"#texture"},"east":{"uv":[10,6,12,8],"texture":"#texture"}}},{"from":[18,14,2],"to":[22,16,4],"faces":{"down":{"uv":[3,6,1,5],"texture":"#texture"},"up":{"uv":[13,5,15,6],"texture":"#texture"},"north":{"uv":[1,8,3,9],"texture":"#texture"},"east":{"uv":[10,8,11,9],"texture":"#texture"}}},{"from":[18,20,2],"to":[20,22,4],"faces":{"up":{"uv":[13,5,14,6],"texture":"#texture"},"north":{"uv":[2,5,3,6],"texture":"#texture"},"east":{"uv":[10,5,11,6],"texture":"#texture"}}},{"from":[18,22,4],"to":[20,24,8],"faces":{"up":{"uv":[13,6,14,8],"texture":"#texture"},"north":{"uv":[2,4,3,5],"texture":"#texture"},"east":{"uv":[8,4,10,5],"texture":"#texture"}}},{"from":[18,24,8],"to":[20,26,10],"faces":{"up":{"uv":[13,8,14,9],"texture":"#texture"},"north":{"uv":[2,3,3,4],"texture":"#texture"},"south":{"uv":[13,3,14,4],"texture":"#texture"},"east":{"uv":[7,3,8,4],"texture":"#texture"}}},{"from":[18,6,12],"to":[20,8,16],"faces":{"down":{"uv":[3,12,2,10],"texture":"#texture"},"up":{"uv":[13,10,14,12],"texture":"#texture"},"north":{"uv":[2,12,3,13],"texture":"#texture"},"south":{"uv":[13,12,14,13],"texture":"#texture"},"east":{"uv":[4,12,6,13],"texture":"#texture"}}},{"from":[20,16,2],"to":[22,20,4],"faces":{"up":{"uv":[14,5,15,6],"texture":"#texture"},"north":{"uv":[1,6,2,8],"texture":"#texture"},"south":{"uv":[14,6,15,8],"texture":"#texture"},"east":{"uv":[10,6,11,8],"texture":"#texture"}}},{"from":[20,10,8],"to":[22,12,16],"faces":{"down":{"uv":[2,12,1,8],"texture":"#texture"},"north":{"uv":[1,10,2,11],"texture":"#texture"},"east":{"uv":[4,10,8,11],"texture":"#texture"}}},{"from":[20,14,18],"to":[22,18,20],"faces":{"up":{"uv":[14,13,15,14],"texture":"#texture"},"north":{"uv":[1,7,2,9],"texture":"#texture"},"south":{"uv":[14,7,15,9],"texture":"#texture"},"west":{"uv":[13,7,14,9],"texture":"#texture"},"east":{"uv":[2,7,3,9],"texture":"#texture"}}},{"from":[22,18,8],"to":[24,20,12],"faces":{"up":{"uv":[15,8,16,10],"texture":"#texture"},"north":{"uv":[0,6,1,7],"texture":"#texture"},"south":{"uv":[15,6,16,7],"texture":"#texture"},"east":{"uv":[6,6,8,7],"texture":"#texture"}}},{"from":[22,12,10],"to":[24,14,16],"faces":{"down":{"uv":[1,12,0,9],"texture":"#texture"},"north":{"uv":[0,9,1,10],"texture":"#texture"},"south":{"uv":[15,9,16,10],"texture":"#texture"},"east":{"uv":[4,9,7,10],"texture":"#texture"}}}],"display":{"thirdperson_righthand":{"rotation":[90,0,0],"translation":[-5,0,-8],"scale":[0.8,0.8,0.8]},"thirdperson_lefthand":{"rotation":[90,0,0],"translation":[-7,0,-3],"scale":[1.7,1.7,1.7]},"head":{"rotation":[0,0,0],"translation":[0,-24,0],"scale":[4,4,4]}}}