{"textures":{"texture":"strike/equipment/cue"},"elements":[{"from":[-4,6.25,7],"to":[2,7,7.75],"faces":{"down":{"uv":[14.998,7.502,0.502,8.998],"texture":"#texture"},"up":{"uv":[14.998,7.502,0.502,8.998],"texture":"#texture"},"north":{"uv":[0.502,7.502,14.998,8.998],"texture":"#texture"},"south":{"uv":[14.998,7.502,0.502,8.998],"texture":"#texture"},"west":{"uv":[10.502,10.502,11.998,11.998],"texture":"#texture"}}},{"from":[2,6.25,7],"to":[8,7,7.75],"faces":{"down":{"uv":[14.998,6.498,1.002,5.002],"texture":"#texture"},"up":{"uv":[0.502,5.002,14.998,6.498],"texture":"#texture"},"north":{"uv":[0.502,5.002,14.998,6.498],"texture":"#texture"},"south":{"uv":[0.502,5.002,14.998,6.498],"texture":"#texture"}}},{"from":[8,6.25,7],"to":[14,7,7.75],"faces":{"down":{"uv":[14.998,3.998,0.502,2.502],"texture":"#texture"},"up":{"uv":[14.998,2.502,0.502,3.998],"texture":"#texture"},"north":{"uv":[0.502,2.502,14.998,3.998],"texture":"#texture"},"south":{"uv":[14.998,2.502,0.502,3.998],"texture":"#texture"}}},{"from":[14,6.25,7],"to":[20,7,7.75],"faces":{"down":{"uv":[0.502,0.502,14.998,1.998],"texture":"#texture"},"up":{"uv":[0.502,0.502,14.998,1.998],"texture":"#texture"},"north":{"uv":[14.998,0.502,0.502,1.998],"texture":"#texture"},"south":{"uv":[0.502,0.502,14.998,1.998],"texture":"#texture"},"east":{"uv":[5.002,10.502,6.498,11.998],"texture":"#texture"}}}],"display":{"thirdperson_righthand":{"rotation":[0,45,-90],"translation":[1,7.75,1],"scale":[1,1,1]},"thirdperson_lefthand":{"rotation":[0,45,-90],"translation":[1,7.75,1],"scale":[-1,1,1]},"ground":{"rotation":[45,0,-90],"translation":[0,0,0],"scale":[1,1,1]},"firstperson_righthand":{"rotation":[0,-60,-60],"translation":[4,3,-4],"scale":[1,1,1]},"firstperson_lefthand":{"rotation":[0,-60,-60],"translation":[4,3,-4],"scale":[-1,1,1]},"gui":{"rotation":[0,0,-45],"translation":[0.5,1,0],"scale":[0.8,0.8,0.8]}}}