{"textures":{"texture":"strike/equipment/detonator"},"elements":[{"from":[6,0,7],"to":[11,8,10],"faces":{"down":{"uv":[14.5,6,12,5],"texture":"#texture"},"up":{"uv":[12,0,14.5,1],"texture":"#texture"},"north":{"uv":[12,1,14.5,5],"texture":"#texture"},"south":{"uv":[14.5,1,12,5],"texture":"#texture"},"west":{"uv":[14.5,1,16,5],"texture":"#texture"},"east":{"uv":[10.5,1,12,5],"texture":"#texture"}}},{"from":[4,8,7],"to":[9,10,10],"faces":{"down":{"uv":[5,12.5,2.5,11],"rotation":90,"texture":"#texture"},"up":{"uv":[2.5,8.5,5,10],"rotation":90,"texture":"#texture"},"north":{"uv":[5,7.5,2.5,8.5],"texture":"#texture"},"south":{"uv":[2.5,10,5,11],"texture":"#texture"},"west":{"uv":[5,10,6.5,11],"texture":"#texture"},"east":{"uv":[1,7.5,2.5,8.5],"texture":"#texture"}}},{"from":[9,8,7],"to":[10,9,10],"faces":{"up":{"uv":[6.5,13,8,13.5],"texture":"#texture"},"north":{"uv":[6,13,6.5,13.5],"texture":"#texture"},"south":{"uv":[8,13,8.5,13.5],"texture":"#texture"},"east":{"uv":[6.5,13.5,8,14],"texture":"#texture"}}},{"from":[3,4,7],"to":[4,9,10],"faces":{"down":{"uv":[13,12,11.5,11.5],"texture":"#texture"},"up":{"uv":[13.5,6.5,15,7],"texture":"#texture"},"north":{"uv":[13,7,13.5,9.5],"texture":"#texture"},"south":{"uv":[15,7,15.5,9.5],"texture":"#texture"},"west":{"uv":[13.5,7,15,9.5],"texture":"#texture"},"east":{"uv":[11.5,7,13,9.5],"texture":"#texture"}}},{"from":[2,1,7],"to":[3,5,10],"faces":{"down":{"uv":[13,12,11.5,11.5],"texture":"#texture"},"up":{"uv":[13.5,6.5,15,7],"texture":"#texture"},"north":{"uv":[13,9.5,13.5,11.5],"texture":"#texture"},"south":{"uv":[15,9.5,15.5,11.5],"texture":"#texture"},"west":{"uv":[11.5,9.5,13,11.5],"texture":"#texture"},"east":{"uv":[13.5,9.5,15,11.5],"texture":"#texture"}}},{"from":[5,6,7],"to":[6,7,10],"faces":{"up":{"uv":[1.5,2,3,2.5],"rotation":90,"texture":"#texture"},"north":{"uv":[1,2,1.5,2.5],"texture":"#texture"},"south":{"uv":[1,2,1.5,2.5],"texture":"#texture"},"west":{"uv":[1.5,2,3,2.5],"texture":"#texture"}}},{"from":[4,5,7],"to":[6,6,10],"faces":{"down":{"uv":[3,2.5,1.5,3.5],"rotation":90,"texture":"#texture"},"up":{"uv":[1.5,2.5,3,3.5],"rotation":90,"texture":"#texture"},"north":{"uv":[1.5,3,0.5,3.5],"texture":"#texture"},"south":{"uv":[0.5,3,1.5,3.5],"texture":"#texture"}}},{"from":[7,10,8],"to":[8,13,9],"faces":{"up":{"uv":[7.5,1.5,8,2],"texture":"#texture"},"north":{"uv":[7,2,7.5,3.5],"texture":"#texture"},"south":{"uv":[8,2,8.5,3.5],"texture":"#texture"},"west":{"uv":[6.5,2,7,3.5],"texture":"#texture"},"east":{"uv":[7.5,2,8,3.5],"texture":"#texture"}}}],"display":{"thirdperson_righthand":{"rotation":[45,90,0],"translation":[0,2,2],"scale":[0.5,0.5,0.5]},"firstperson_righthand":{"rotation":[0,120,0],"translation":[0,3,0],"scale":[1,1,1]},"gui":{"rotation":[0,180,-45],"translation":[-2,1,0],"scale":[1,1,1]}}}