{"textures":{"texture":"strike/equipment/drone"},"elements":[{"from":[4.5,6,4.5],"to":[5,9,8.5],"faces":{"down":{"uv":[10,9.25,8,9],"rotation":90,"texture":"#texture"},"north":{"uv":[13.75,6.25,14,7.75],"texture":"#texture"},"south":{"uv":[14.75,6.25,15,7.75],"texture":"#texture"},"west":{"uv":[8,7.75,10,9.25],"texture":"#texture"},"east":{"uv":[10,6.25,8,7.75],"texture":"#texture"}}},{"from":[5,5.5,4.5],"to":[8,6,8.5],"faces":{"down":{"uv":[13.25,8.25,11.75,6.25],"texture":"#texture"},"up":{"uv":[10.25,6.25,11.75,8.25],"texture":"#texture"},"north":{"uv":[14,6.25,14.25,7.75],"texture":"#texture"},"south":{"uv":[15,6.25,15.25,7.75],"texture":"#texture"},"west":{"uv":[10.25,6.25,10.5,8.25],"texture":"#texture"},"east":{"uv":[11.75,6.25,12,8.25],"texture":"#texture"}}},{"from":[8,6,4.5],"to":[8.5,9,8.5],"faces":{"down":{"uv":[13,8.25,13.25,6.25],"texture":"#texture"},"north":{"uv":[14.25,6.25,14.5,7.75],"texture":"#texture"},"south":{"uv":[15.25,6.25,15.5,7.75],"texture":"#texture"},"west":{"uv":[8,7.75,10,9.25],"texture":"#texture"},"east":{"uv":[10,6.25,8,7.75],"texture":"#texture"}}},{"from":[4,9,-1.5],"to":[9,14,-1],"faces":{"north":{"uv":[12.5,2.75,15,5.25],"texture":"#texture"},"south":{"uv":[1,10.75,3.5,13.25],"texture":"#texture"}}},{"from":[4,9,3],"to":[9,14,10],"faces":{"down":{"uv":[6.75,0.25,3.25,2.75],"rotation":90,"texture":"#texture"},"up":{"uv":[3.25,0.25,6.75,2.75],"rotation":90,"texture":"#texture"},"north":{"uv":[9,4.75,9.5,5.75],"texture":"#texture"},"south":{"uv":[9,4.75,9.5,5.75],"texture":"#texture"},"west":{"uv":[3.25,3,6.75,5.5],"texture":"#texture"},"east":{"uv":[6.75,3,3.25,5.5],"texture":"#texture"}}},{"from":[6.75,11.5,13],"to":[8.75,13.5,17.75],"faces":{"down":{"uv":[11,1.25,8.25,0.25],"rotation":90,"texture":"#texture"},"up":{"uv":[8.25,0.25,11,1.25],"rotation":90,"texture":"#texture"},"north":{"uv":[14,2.75,15,3.75],"texture":"#texture"},"south":{"uv":[14,2.75,15,3.75],"texture":"#texture"},"west":{"uv":[8.25,0.25,11,1.25],"texture":"#texture"},"east":{"uv":[11,0.25,8.25,1.25],"texture":"#texture"}}},{"from":[4,11,-2],"to":[9,12,-1],"faces":{"down":{"uv":[15,4,12.5,4.25],"rotation":90,"texture":"#texture"},"up":{"uv":[12.5,3.75,15,4],"rotation":90,"texture":"#texture"},"north":{"uv":[12.5,3.75,15,4.25],"texture":"#texture"}}},{"from":[6,9,-2],"to":[7,14,-1],"faces":{"north":{"uv":[13.5,2.75,14,5.25],"texture":"#texture"},"west":{"uv":[13.75,2.75,14,5.25],"texture":"#texture"},"east":{"uv":[13.5,2.75,13.75,5.25],"texture":"#texture"}}},{"from":[3,11,2.5],"to":[4,12,5.5],"faces":{"down":{"uv":[10.5,4,9,4.5],"rotation":90,"texture":"#texture"},"up":{"uv":[9,3,10.5,3.5],"rotation":90,"texture":"#texture"},"north":{"uv":[8.5,3.5,9,4],"rotation":180,"texture":"#texture"},"south":{"uv":[10.5,3,11,3.5],"texture":"#texture"},"west":{"uv":[9,3.5,10.5,4],"texture":"#texture"}}},{"from":[9,11,2.5],"to":[10,12,5.5],"faces":{"down":{"uv":[10.5,4.5,9,4],"rotation":90,"texture":"#texture"},"up":{"uv":[9,3,10.5,3.5],"rotation":90,"texture":"#texture"},"north":{"uv":[9,3.5,8.5,4],"rotation":180,"texture":"#texture"},"south":{"uv":[10.5,3,11,3.5],"texture":"#texture"},"east":{"uv":[10.5,3.5,9,4],"texture":"#texture"}}},{"from":[3.5,8.5,-2.5],"to":[9.5,9,0],"faces":{"down":{"uv":[4,9,7,7.5],"rotation":90,"texture":"#texture"},"up":{"uv":[4,6,7,7.5],"rotation":90,"texture":"#texture"},"north":{"uv":[4,7.25,7,7.5],"texture":"#texture"},"south":{"uv":[4,7.5,7,7.75],"texture":"#texture"},"west":{"uv":[2.25,8.75,3.75,9],"texture":"#texture"},"east":{"uv":[2.25,8.75,3.75,9],"texture":"#texture"}}},{"from":[9,9,-2.5],"to":[9.5,14,-0.5],"faces":{"north":{"uv":[2,6.25,2.25,8.75],"texture":"#texture"},"south":{"uv":[3.5,6.25,3.75,8.75],"texture":"#texture"},"west":{"uv":[2.25,6.5,3.75,8.5],"texture":"#texture"},"east":{"uv":[0.75,6.5,2.25,8.5],"texture":"#texture"}}},{"from":[3.5,14,-2.5],"to":[9.5,14.5,0],"faces":{"down":{"uv":[7,7.5,4,9],"rotation":90,"texture":"#texture"},"up":{"uv":[4,6,7,7.5],"rotation":90,"texture":"#texture"},"north":{"uv":[4,6,7,6.25],"texture":"#texture"},"south":{"uv":[4,6,7,6.25],"texture":"#texture"},"west":{"uv":[2.25,6,3.75,6.25],"texture":"#texture"},"east":{"uv":[2.25,6,3.75,6.25],"texture":"#texture"}}},{"from":[3.5,9,-2.5],"to":[4,14,-0.5],"faces":{"north":{"uv":[3.5,6.25,3.75,8.75],"texture":"#texture"},"south":{"uv":[0.75,6.25,1,8.75],"texture":"#texture"},"west":{"uv":[2.25,6.25,3.75,8.75],"texture":"#texture"},"east":{"uv":[0.75,6.25,2.25,8.75],"texture":"#texture"}}},{"from":[4,9,-1],"to":[5.5,10.5,3],"faces":{"down":{"uv":[3.25,2,1.25,2.75],"rotation":90,"texture":"#texture"},"up":{"uv":[1.25,2,3.25,2.75],"rotation":90,"texture":"#texture"},"west":{"uv":[1.25,4.75,3.25,5.5],"texture":"#texture"},"east":{"uv":[3.25,4.75,1.25,5.5],"texture":"#texture"}}},{"from":[4,12.5,-1],"to":[5.5,14,3],"faces":{"down":{"uv":[3,2.75,1.25,2],"rotation":90,"texture":"#texture"},"up":{"uv":[1.5,2,3.25,2.75],"rotation":90,"texture":"#texture"},"west":{"uv":[1.5,3,3.25,3.75],"texture":"#texture"},"east":{"uv":[3.25,3,1.5,3.75],"texture":"#texture"}}},{"from":[7.5,9,-1],"to":[9,10.5,3],"faces":{"down":{"uv":[3.25,0.25,1.25,1],"rotation":90,"texture":"#texture"},"up":{"uv":[1.25,0.25,3.25,1],"rotation":90,"texture":"#texture"},"west":{"uv":[1.25,3,3.25,3.75],"texture":"#texture"},"east":{"uv":[3.25,3.75,1.25,3],"texture":"#texture"}}},{"from":[7.5,12.5,-1],"to":[9,14,3],"faces":{"down":{"uv":[3.25,1,1.25,0.25],"rotation":90,"texture":"#texture"},"up":{"uv":[1.25,0.25,3.25,1],"rotation":90,"texture":"#texture"},"west":{"uv":[1.25,3,3.25,3.75],"texture":"#texture"},"east":{"uv":[3.25,3,1.25,3.75],"texture":"#texture"}}},{"from":[4,9,10],"to":[5,14,13],"faces":{"down":{"uv":[6.75,2.75,8.25,2.25],"rotation":90,"texture":"#texture"},"up":{"uv":[6.75,2.25,8.25,2.75],"rotation":90,"texture":"#texture"},"south":{"uv":[1,10.75,2.5,13.25],"texture":"#texture"},"west":{"uv":[6.75,3,8.25,5.5],"texture":"#texture"},"east":{"uv":[8.25,3,6.75,5.5],"texture":"#texture"}}},{"from":[8,9,10],"to":[9,14,13],"faces":{"down":{"uv":[6.75,0.75,8.25,0.25],"rotation":90,"texture":"#texture"},"up":{"uv":[6.75,0.25,8.25,0.75],"rotation":90,"texture":"#texture"},"south":{"uv":[2,10.75,3.5,13.25],"texture":"#texture"},"west":{"uv":[6.75,3,8.25,5.5],"texture":"#texture"},"east":{"uv":[8.25,3,6.75,5.5],"texture":"#texture"}}},{"from":[5,9,10],"to":[5.5,14,11],"faces":{"down":{"uv":[6.75,2,7.25,1.75],"rotation":90,"texture":"#texture"},"up":{"uv":[6.75,1.75,7.25,2],"rotation":90,"texture":"#texture"},"south":{"uv":[7,1.75,7.25,2],"texture":"#texture"},"east":{"uv":[7.25,1.75,6.75,2],"texture":"#texture"}}},{"from":[7.5,9,10],"to":[8,14,11],"faces":{"down":{"uv":[6.75,1.25,7.25,1],"rotation":90,"texture":"#texture"},"up":{"uv":[6.75,1,7.25,1.25],"rotation":90,"texture":"#texture"},"south":{"uv":[7,1,7.25,1.25],"texture":"#texture"},"west":{"uv":[6.75,1,7.25,1.25],"texture":"#texture"}}},{"from":[5,9.25,10],"to":[8,13.75,13],"faces":{"down":{"uv":[8.25,2.25,6.75,0.75],"rotation":90,"texture":"#texture"},"up":{"uv":[6.75,0.75,8.25,2.25],"rotation":90,"texture":"#texture"},"south":{"uv":[1.5,10.75,3,12],"texture":"#texture"}}},{"from":[4.25,10.5,-0.5],"to":[8.75,12.5,3],"faces":{"down":{"uv":[6,5.25,1.5,3.25],"texture":"#texture"},"up":{"uv":[1.5,3.25,6,5.25],"texture":"#texture"},"west":{"uv":[1.75,3.75,3.25,4.75],"texture":"#texture"},"east":{"uv":[3.25,3.75,1.75,4.75],"texture":"#texture"}}},{"from":[5.5,9.25,-0.5],"to":[7.5,13.75,3],"faces":{"down":{"uv":[3.25,2,1.5,1],"rotation":90,"texture":"#texture"},"up":{"uv":[1.5,1,3.25,2],"rotation":90,"texture":"#texture"},"north":{"uv":[12.75,0.5,14.25,2.25],"texture":"#texture"},"west":{"uv":[1.5,1,3.25,2],"texture":"#texture"},"east":{"uv":[1.5,1,3.25,2],"texture":"#texture"}}},{"from":[5.25,9,-0.5],"to":[7.75,14,0],"faces":{"north":{"uv":[2.25,6.25,3.25,8.5],"texture":"#texture"},"south":{"uv":[2.25,6.25,3.25,8.5],"texture":"#texture"},"west":{"uv":[2.25,6.25,2.5,8.75],"texture":"#texture"},"east":{"uv":[2.25,6.25,2.5,8.75],"texture":"#texture"}}},{"from":[4,10.5,-0.75],"to":[9,12.5,-0.5],"faces":{"down":{"uv":[4,6,6.75,6.25],"texture":"#texture"},"up":{"uv":[4,6,6.75,6.25],"texture":"#texture"},"north":{"uv":[4,6,6.5,7.25],"texture":"#texture"},"south":{"uv":[4,6,6.5,7.25],"texture":"#texture"},"east":{"uv":[2.25,6.5,2.5,8.5],"texture":"#texture"}}},{"from":[3.5,10.5,6.5],"to":[9.5,12.5,10.5],"faces":{"down":{"uv":[5,4.75,7,4.5],"texture":"#texture"},"up":{"uv":[5,3.75,7,4],"rotation":90,"texture":"#texture"},"north":{"uv":[5,3.75,5.25,4.75],"texture":"#texture"},"south":{"uv":[6.75,3.75,7,4.75],"texture":"#texture"},"west":{"uv":[5,3.75,7,4.75],"texture":"#texture"},"east":{"uv":[7,3.75,5,4.75],"texture":"#texture"}}},{"from":[3.5,10,7],"to":[9.5,13,10],"faces":{"down":{"uv":[5.25,5,6.75,4.75],"rotation":90,"texture":"#texture"},"up":{"uv":[5.25,3.5,6.75,3.75],"rotation":90,"texture":"#texture"},"north":{"uv":[5.25,3.5,5.5,5],"texture":"#texture"},"south":{"uv":[6.5,3.5,6.75,5],"texture":"#texture"},"west":{"uv":[5.25,3.5,6.75,5],"texture":"#texture"},"east":{"uv":[6.75,3.5,5.25,5],"texture":"#texture"}}},{"from":[3.5,9.5,7.5],"to":[9.5,13.5,9.5],"faces":{"down":{"uv":[5.5,5.25,6.5,5],"rotation":90,"texture":"#texture"},"up":{"uv":[5.5,3.25,6.5,3.5],"rotation":90,"texture":"#texture"},"north":{"uv":[5.5,3.25,5.75,5.25],"texture":"#texture"},"south":{"uv":[6.25,3.25,6.5,5.25],"texture":"#texture"},"west":{"uv":[5.5,3.25,6.5,5.25],"texture":"#texture"},"east":{"uv":[6.5,3.25,5.5,5.25],"texture":"#texture"}}},{"from":[6.75,9.25,13],"to":[8.75,11.25,17.75],"faces":{"down":{"uv":[11,1.25,8.25,0.25],"rotation":90,"texture":"#texture"},"up":{"uv":[8.25,0.25,11,1.25],"rotation":90,"texture":"#texture"},"north":{"uv":[14,4.25,15,5.25],"texture":"#texture"},"south":{"uv":[14,4.25,15,5.25],"texture":"#texture"},"west":{"uv":[8.25,0.25,11,1.25],"texture":"#texture"},"east":{"uv":[11,0.25,8.25,1.25],"texture":"#texture"}}},{"from":[4.25,11.5,13],"to":[6.25,13.5,17.75],"faces":{"down":{"uv":[11,2.5,8.25,1.5],"rotation":90,"texture":"#texture"},"up":{"uv":[8.25,1.5,11,2.5],"rotation":90,"texture":"#texture"},"north":{"uv":[8.25,1.5,11,2.5],"texture":"#texture"},"south":{"uv":[12.5,2.75,13.5,3.75],"texture":"#texture"},"west":{"uv":[8.25,1.5,11,2.5],"texture":"#texture"},"east":{"uv":[11,1.5,8.25,2.5],"texture":"#texture"}}},{"from":[4.25,9.25,13],"to":[6.25,11.25,17.75],"faces":{"down":{"uv":[11,2.5,8.25,1.5],"rotation":90,"texture":"#texture"},"up":{"uv":[8.25,1.5,11,2.5],"rotation":90,"texture":"#texture"},"north":{"uv":[8.25,1.5,11,2.5],"texture":"#texture"},"south":{"uv":[12.5,4.25,13.5,5.25],"texture":"#texture"},"west":{"uv":[8.25,1.5,11,2.5],"texture":"#texture"},"east":{"uv":[11,1.5,8.25,2.5],"texture":"#texture"}}},{"from":[4.5,9.5,13],"to":[8.5,13.25,17.25],"faces":{"down":{"uv":[8.25,2.25,10.5,0.5],"rotation":90,"texture":"#texture"},"up":{"uv":[8.25,0.5,10.5,2.25],"rotation":90,"texture":"#texture"},"north":{"uv":[8.25,0.5,10.5,2.25],"texture":"#texture"},"south":{"uv":[8.25,0.5,10.5,2.25],"texture":"#texture"},"west":{"uv":[8.25,0.5,10.5,2.25],"texture":"#texture"},"east":{"uv":[10.5,0.25,8.25,2.25],"texture":"#texture"}}}],"display":{"thirdperson_righthand":{"translation":[2.2,-1.5,6],"scale":[1.5,1.5,1.5]},"thirdperson_lefthand":{"translation":[-2.2,-1.5,6],"scale":[1.5,1.5,1.5]},"firstperson_righthand":{"rotation":[0,5,0],"translation":[0,2.5,3.5],"scale":[0.6,0.6,0.6]},"gui":{"rotation":[-90,135,90],"translation":[-1,-3,0],"scale":[0.8,0.8,0.8]}}}