{"textures":{"texture":"strike/equipment/flash"},"elements":[{"from":[5.5,0.5,6.5],"to":[6,12,8.5],"faces":{"down":{"uv":[12.5,13.5,10.5,14],"rotation":90,"texture":"#texture"},"up":{"uv":[10.5,13,12.5,13.5],"rotation":90,"texture":"#texture"},"north":{"uv":[5.5,4,6,15.5],"texture":"#texture"},"south":{"uv":[5.5,4,6,15.5],"texture":"#texture"},"west":{"uv":[4,4,6,15.5],"texture":"#texture"},"east":{"uv":[6,4,4,15.5],"texture":"#texture"}}},{"from":[6.5,0.5,5.5],"to":[8.5,12,6],"faces":{"down":{"uv":[10.5,14.5,12.5,15],"rotation":90,"texture":"#texture"},"up":{"uv":[12.5,14,10.5,14.5],"rotation":90,"texture":"#texture"},"north":{"uv":[2.5,4,0.5,15.5],"texture":"#texture"},"south":{"uv":[0.5,4,2.5,15.5],"texture":"#texture"},"west":{"uv":[5.5,4,6,15.5],"texture":"#texture"}}},{"from":[8.875,0.5,6.5625],"to":[9.5625,12,8.625],"faces":{"down":{"uv":[10.5,13.5,12.5,14],"rotation":90,"texture":"#texture"},"up":{"uv":[12.5,13,10.5,13.5],"rotation":90,"texture":"#texture"},"north":{"uv":[4,4,4.75,15.5],"texture":"#texture"},"south":{"uv":[4,4,4.6875,15.5],"texture":"#texture"},"west":{"uv":[6.0625,4,4,15.5],"texture":"#texture"},"east":{"uv":[4,4,6.0625,15.5],"texture":"#texture"}}},{"from":[6.5625,0.5,9],"to":[8.625,12,9.5625],"faces":{"down":{"uv":[12.5625,14.5,10.5,15.0625],"texture":"#texture"},"up":{"uv":[10.5,14,12.5625,14.5625],"texture":"#texture"},"north":{"uv":[0.5,4,2.5625,15.5],"texture":"#texture"},"south":{"uv":[2.5625,4,0.5,15.5],"texture":"#texture"},"west":{"uv":[2,4,2.5625,15.5],"texture":"#texture"},"east":{"uv":[2,4,2.5625,15.5],"texture":"#texture"}}},{"from":[8.5,0.5,5.5],"to":[10,12,9.75],"rotation":{"origin":[8.5,0.5,5.5],"axis":"y","angle":-45},"faces":{"down":{"uv":[6,6,7.5,10.25],"texture":"#texture"},"up":{"uv":[6,6,7.5,10.25],"texture":"#texture"},"north":{"uv":[6,4,7.5,15.5],"texture":"#texture"},"south":{"uv":[2.5,4,4,15.5],"texture":"#texture"},"west":{"uv":[3,4,7.25,15.5],"texture":"#texture"},"east":{"uv":[3,4,7.25,15.5],"texture":"#texture"}}},{"from":[6.5,0.4375,5.5],"to":[10.875,11.9375,6.875],"rotation":{"origin":[6.5,0.4375,5.5],"axis":"y","angle":-45},"faces":{"down":{"uv":[2.5,7,4,11.25],"rotation":90,"texture":"#texture"},"up":{"uv":[6,6.75,7.5,11],"rotation":90,"texture":"#texture"},"north":{"uv":[3,4,7.375,15.5],"texture":"#texture"},"south":{"uv":[3,4,7.375,15.5],"texture":"#texture"},"west":{"uv":[6,4,7.375,15.5],"texture":"#texture"},"east":{"uv":[6,4,7.375,15.5],"texture":"#texture"}}},{"from":[6,0.5625,6],"to":[9,12.0625,9],"faces":{"down":{"uv":[12.5,0.5,15.5,3.5],"texture":"#texture"},"up":{"uv":[12.5,0.5,15.5,3.5],"texture":"#texture"},"north":{"uv":[12.5,0,15.5,0.5],"texture":"#texture"},"south":{"uv":[12.5,3.5,15.5,4],"texture":"#texture"},"west":{"uv":[12,0.5,12.5,3.5],"rotation":90,"texture":"#texture"},"east":{"uv":[15.5,0.5,16,3.5],"texture":"#texture"}}},{"from":[7,12,6.5],"to":[8,13.5,8.5],"faces":{"up":{"uv":[6.5,1.5,7.5,3.5],"texture":"#texture"},"north":{"uv":[7,2,8,3.5],"texture":"#texture"},"south":{"uv":[7,2,8,3.5],"texture":"#texture"},"west":{"uv":[6.5,2,8.5,3.5],"texture":"#texture"},"east":{"uv":[7,2,9,3.5],"texture":"#texture"}}},{"from":[7,12.1875,4.5],"to":[8,13.1875,6.5],"faces":{"down":{"uv":[6.5,3.5,5.5,1.5],"texture":"#texture"},"up":{"uv":[5.5,1.5,6.5,3.5],"texture":"#texture"},"north":{"uv":[5.5,2.5,6.5,3.5],"texture":"#texture"},"west":{"uv":[5.5,2.5,7.5,3.5],"texture":"#texture"},"east":{"uv":[5.5,2.5,7.5,3.5],"texture":"#texture"}}},{"from":[7,8.25,4],"to":[8,12.75,4.5],"faces":{"down":{"uv":[8,8,8.5,8.5],"texture":"#texture"},"up":{"uv":[8,13,8.5,13.5],"texture":"#texture"},"north":{"uv":[8,8.5,9,13],"texture":"#texture"},"south":{"uv":[9,8.5,10,13],"texture":"#texture"},"west":{"uv":[8,8.5,8.5,13],"texture":"#texture"},"east":{"uv":[9,8.5,9.5,13],"texture":"#texture"}}},{"from":[7,11.6875,4.5],"to":[8,12.1875,5],"faces":{"down":{"uv":[9,10.75,8,10.25],"texture":"#texture"},"south":{"uv":[8.75,10.5,9.75,11],"texture":"#texture"},"west":{"uv":[9.5,10.75,10,11.25],"texture":"#texture"},"east":{"uv":[8.25,9.75,8.75,10.25],"texture":"#texture"}}}],"display":{"thirdperson_righthand":{"rotation":[45,180,0],"translation":[0,0,0],"scale":[0.5,0.5,0.5]},"ground":{"translation":[0,4,0],"scale":[0.8,0.8,0.8]},"firstperson_righthand":{"rotation":[0,180,0]},"gui":{"rotation":[-90,-135,-90],"scale":[1,1,1]}}}