{"textures":{"texture":"entity/guardian"},"elements":[{"from":[5,1,2],"to":[11,7,10],"faces":{"down":{"uv":[11.5,13,8,10],"texture":"#texture"},"up":{"uv":[8,10,12,13],"texture":"#texture"},"north":{"uv":[4,4,7,7],"texture":"#texture"},"south":{"uv":[10.5,4,13.5,7],"texture":"#texture"},"west":{"uv":[7,10,11,13],"texture":"#texture"},"east":{"uv":[7.5,10,11.5,13],"texture":"#texture"}}},{"from":[7.5,3.5,1.75],"to":[8.5,4,2],"faces":{"down":{"uv":[1,0,0.5,0.5],"texture":"#texture"},"up":{"uv":[0.5,0,1,0.5],"texture":"#texture"},"north":{"uv":[0.5,0,1,0.5],"texture":"#texture"},"south":{"uv":[0.5,0,1,0.5],"texture":"#texture"},"west":{"uv":[0.5,0,1,0.5],"texture":"#texture"},"east":{"uv":[15,8,15.5,9],"texture":"#texture"}}},{"from":[4,1,3],"to":[12,7,9],"faces":{"down":{"uv":[11.5,13,7.5,10],"texture":"#texture"},"up":{"uv":[8.5,10,12.5,13],"texture":"#texture"},"north":{"uv":[9,10,13,13],"texture":"#texture"},"south":{"uv":[7.5,10,11.5,13],"texture":"#texture"},"west":{"uv":[6.5,10,9.5,13],"texture":"#texture"},"east":{"uv":[6.5,10,9.5,13],"texture":"#texture"}}},{"from":[5,0,3],"to":[11,8,9],"faces":{"down":{"uv":[8,10,11,13.5],"texture":"#texture"},"up":{"uv":[8.5,10,11,13.5],"texture":"#texture"},"north":{"uv":[7.5,10,11,13.5],"texture":"#texture"},"south":{"uv":[8,10,11,13],"texture":"#texture"},"west":{"uv":[8,10,10.5,13],"texture":"#texture"},"east":{"uv":[7.5,10,10.5,13.5],"texture":"#texture"}}},{"from":[7,3,10],"to":[9,5,13.5],"faces":{"down":{"uv":[14,2,13,0],"rotation":180,"texture":"#texture"},"up":{"uv":[12,0,13,2.25],"rotation":180,"texture":"#texture"},"north":{"uv":[6,6,10,10],"texture":"#texture"},"south":{"uv":[1.75,13.75,2.75,14.5],"texture":"#texture"},"west":{"uv":[13.25,2,15.25,3],"texture":"#texture"},"east":{"uv":[10,2,12.5,3],"texture":"#texture"}}},{"from":[7.25,3.25,13.5],"to":[8.75,4.75,16],"faces":{"down":{"uv":[4.75,16,3,15.25],"rotation":90,"texture":"#texture"},"up":{"uv":[0,15.25,2,16],"rotation":90,"texture":"#texture"},"north":{"uv":[1.75,14.5,3.25,16],"texture":"#texture"},"south":{"uv":[1.75,14.5,3.25,16],"texture":"#texture"},"west":{"uv":[1.75,13.5,2.5,15.25],"texture":"#texture"},"east":{"uv":[2.5,13.5,3.25,15.25],"texture":"#texture"}}},{"from":[7.5,3.5,16],"to":[8.5,4.5,18],"faces":{"down":{"uv":[11.75,10,10.25,9.5],"rotation":90,"texture":"#texture"},"up":{"uv":[10.25,9.5,11.75,10],"rotation":90,"texture":"#texture"},"north":{"uv":[2,13.5,2.75,14.25],"texture":"#texture"},"south":{"uv":[1.75,13.5,2.5,14.25],"texture":"#texture"},"west":{"uv":[12.75,9.5,14.25,10],"texture":"#texture"},"east":{"uv":[10.25,9.5,11.75,10],"texture":"#texture"}}},{"from":[7.875,3.25,16.75],"to":[8.125,4.75,17.25],"faces":{"down":{"uv":[8.5,8.5,8.25,8.25],"texture":"#texture"},"up":{"uv":[8.25,7.75,8.5,8],"texture":"#texture"},"north":{"uv":[8.25,7.75,8.5,8.5],"texture":"#texture"},"south":{"uv":[8.25,7.75,8.5,8.5],"texture":"#texture"},"west":{"uv":[8.25,7.75,8.5,8.5],"texture":"#texture"},"east":{"uv":[8.25,7.75,8.5,8.5],"texture":"#texture"}}},{"from":[7.875,2.75,17.25],"to":[8.125,5.25,19.75],"faces":{"down":{"uv":[8.25,8.75,7,8.5],"rotation":90,"texture":"#texture"},"up":{"uv":[7,7.5,8.25,7.75],"rotation":90,"texture":"#texture"},"north":{"uv":[7,7.5,7.25,8.75],"texture":"#texture"},"south":{"uv":[8,7.5,8.25,8.75],"texture":"#texture"},"west":{"uv":[8.25,7.5,7,8.75],"texture":"#texture"},"east":{"uv":[7,7.5,8.25,8.75],"texture":"#texture"}}},{"from":[7.875,5.25,18.75],"to":[8.125,6.25,20.75],"faces":{"down":{"uv":[7.5,7.5,6.5,7.25],"rotation":90,"texture":"#texture"},"up":{"uv":[6.5,7,7.5,7.25],"rotation":90,"texture":"#texture"},"north":{"uv":[6.5,7,6.75,7.5],"texture":"#texture"},"south":{"uv":[7.25,7,7.5,7.5],"texture":"#texture"},"west":{"uv":[7.5,7,6.5,7.5],"texture":"#texture"},"east":{"uv":[6.5,7,7.5,7.5],"texture":"#texture"}}},{"from":[7.875,1.75,18.75],"to":[8.125,2.75,20.75],"faces":{"down":{"uv":[7.5,9.25,6.5,9],"rotation":90,"texture":"#texture"},"up":{"uv":[6.5,8.75,7.5,9],"rotation":90,"texture":"#texture"},"north":{"uv":[6.5,8.75,6.75,9.25],"texture":"#texture"},"south":{"uv":[7.25,8.75,7.5,9.25],"texture":"#texture"},"west":{"uv":[7.5,8.75,6.5,9.25],"texture":"#texture"},"east":{"uv":[6.5,8.75,7.5,9.25],"texture":"#texture"}}},{"from":[7.875,5.75,20.75],"to":[8.125,6.25,21.25],"faces":{"down":{"uv":[6.5,7.25,6.25,7],"texture":"#texture"},"up":{"uv":[6.25,7,6.5,7.25],"texture":"#texture"},"north":{"uv":[6.25,7,6.5,7.25],"texture":"#texture"},"south":{"uv":[6.25,7,6.5,7.25],"texture":"#texture"},"west":{"uv":[6.25,7,6.5,7.25],"texture":"#texture"},"east":{"uv":[6.25,7,6.5,7.25],"texture":"#texture"}}},{"from":[7.875,1.75,20.75],"to":[8.125,2.25,21.25],"faces":{"down":{"uv":[6.5,9.25,6.25,9],"texture":"#texture"},"up":{"uv":[6.25,9,6.5,9.25],"texture":"#texture"},"north":{"uv":[6.25,9,6.5,9.25],"texture":"#texture"},"south":{"uv":[6.25,9,6.5,9.25],"texture":"#texture"},"west":{"uv":[6.25,9,6.5,9.25],"texture":"#texture"},"east":{"uv":[6.25,9,6.5,9.25],"texture":"#texture"}}},{"from":[7.875,5.25,17.75],"to":[8.125,5.75,18.75],"faces":{"down":{"uv":[8,9,7.5,8.75],"rotation":90,"texture":"#texture"},"up":{"uv":[7.5,7.25,8,7.5],"rotation":90,"texture":"#texture"},"north":{"uv":[7.5,7.25,7.75,7.5],"texture":"#texture"},"south":{"uv":[7.75,7.25,8,7.5],"texture":"#texture"},"west":{"uv":[8,7.25,7.5,7.5],"texture":"#texture"},"east":{"uv":[7.5,7.25,8,7.5],"texture":"#texture"}}},{"from":[7.875,2.25,17.75],"to":[8.125,2.75,18.75],"faces":{"down":{"uv":[8,9,7.5,8.75],"rotation":90,"texture":"#texture"},"up":{"uv":[7.5,7.25,8,7.5],"rotation":90,"texture":"#texture"},"north":{"uv":[7.5,8.75,7.75,9],"texture":"#texture"},"south":{"uv":[7.75,8.75,8,9],"texture":"#texture"},"west":{"uv":[8,8.75,7.5,9],"texture":"#texture"},"east":{"uv":[7.5,8.75,8,9],"texture":"#texture"}}},{"from":[7.875,4.75,19.75],"to":[8.125,5.25,20.25],"faces":{"down":{"uv":[7,7.75,6.75,7.5],"texture":"#texture"},"up":{"uv":[6.75,7.5,7,7.75],"texture":"#texture"},"north":{"uv":[6.75,7.5,7,7.75],"texture":"#texture"},"south":{"uv":[6.75,7.5,7,7.75],"texture":"#texture"},"west":{"uv":[6.75,7.5,7,7.75],"texture":"#texture"},"east":{"uv":[6.75,7.5,7,7.75],"texture":"#texture"}}},{"from":[7.875,2.75,19.75],"to":[8.125,3.25,20.25],"faces":{"down":{"uv":[7,7.75,6.75,7.5],"texture":"#texture"},"up":{"uv":[6.75,7.5,7,7.75],"texture":"#texture"},"north":{"uv":[6.75,7.5,7,7.75],"texture":"#texture"},"south":{"uv":[6.75,7.5,7,7.75],"texture":"#texture"},"west":{"uv":[6.75,7.5,7,7.75],"texture":"#texture"},"east":{"uv":[6.75,7.5,7,7.75],"texture":"#texture"}}},{"__comment":"spike","from":[3,3.75,5.5625],"to":[4,8.25,6.5625],"rotation":{"origin":[3,8.25,5.5625],"axis":"z","angle":45},"faces":{"down":{"uv":[1,0.5,1.5,0],"texture":"#texture"},"up":{"uv":[0.5,0,1,0.5],"texture":"#texture"},"north":{"uv":[0,0.5,0.5,2.75],"texture":"#texture"},"south":{"uv":[1,0.5,1.5,2.75],"texture":"#texture"},"west":{"uv":[0.5,0.5,1,2.75],"texture":"#texture"},"east":{"uv":[1.5,0.5,2,2.75],"texture":"#texture"}}},{"__comment":"spike*","from":[7.5,4.84375,7.21875],"to":[8.5,5.84375,11.7188],"rotation":{"origin":[7.5,5.84375,7.21875],"axis":"x","angle":-45},"faces":{"down":{"uv":[1,0.5,1.5,2.75],"texture":"#texture"},"up":{"uv":[0,0.5,0.5,2.75],"rotation":180,"texture":"#texture"},"north":{"uv":[1,0,1.5,0.5],"texture":"#texture"},"south":{"uv":[0.5,0,1,0.5],"texture":"#texture"},"west":{"uv":[0.5,0.5,1,2.75],"rotation":90,"texture":"#texture"},"east":{"uv":[1.5,0.5,2,2.75],"rotation":270,"texture":"#texture"}}},{"__comment":"spike*","from":[7.5,4,0.75],"to":[8.5,8.5,1.75],"rotation":{"origin":[7.5,8.5,0.75],"axis":"x","angle":-45},"faces":{"down":{"uv":[1,0.5,1.5,0],"texture":"#texture"},"up":{"uv":[0.5,0,1,0.5],"texture":"#texture"},"north":{"uv":[0,0.5,0.5,2.75],"texture":"#texture"},"south":{"uv":[1,0.5,1.5,2.75],"texture":"#texture"},"west":{"uv":[0.5,0.5,1,2.75],"texture":"#texture"},"east":{"uv":[1.5,0.5,2,2.75],"texture":"#texture"}}},{"__comment":"spike*","from":[7.5,4,0.75],"to":[8.5,8.5,1.75],"rotation":{"origin":[7.5,8.5,0.75],"axis":"x","angle":-45},"faces":{"down":{"uv":[1,0.5,1.5,0],"texture":"#texture"},"up":{"uv":[0.5,0,1,0.5],"texture":"#texture"},"north":{"uv":[0,0.5,0.5,2.75],"texture":"#texture"},"south":{"uv":[1,0.5,1.5,2.75],"texture":"#texture"},"west":{"uv":[0.5,0.5,1,2.75],"texture":"#texture"},"east":{"uv":[1.5,0.5,2,2.75],"texture":"#texture"}}},{"__comment":"spike*","from":[7.5,4,0.75],"to":[8.5,8.5,1.75],"rotation":{"origin":[7.5,8.5,0.75],"axis":"x","angle":-45},"faces":{"down":{"uv":[1,0.5,1.5,0],"texture":"#texture"},"up":{"uv":[0.5,0,1,0.5],"texture":"#texture"},"north":{"uv":[0,0.5,0.5,2.75],"texture":"#texture"},"south":{"uv":[1,0.5,1.5,2.75],"texture":"#texture"},"west":{"uv":[0.5,0.5,1,2.75],"texture":"#texture"},"east":{"uv":[1.5,0.5,2,2.75],"texture":"#texture"}}},{"__comment":"spike*","from":[3,3.5,1.70709],"to":[4,4.5,6.20709],"rotation":{"origin":[3,3.5,1.70709],"axis":"y","angle":45},"faces":{"down":{"uv":[1,0.5,1.5,2.75],"rotation":180,"texture":"#texture"},"up":{"uv":[0,0.5,0.5,2.75],"texture":"#texture"},"north":{"uv":[0.5,0,1,0.5],"texture":"#texture"},"south":{"uv":[1,0,1.5,0.5],"texture":"#texture"},"west":{"uv":[0.5,0.5,1,2.75],"rotation":270,"texture":"#texture"},"east":{"uv":[1.5,0.5,2,2.75],"rotation":90,"texture":"#texture"}}},{"__comment":"spike*","from":[12.2813,3.5,0.875],"to":[13.2813,4.5,5.375],"rotation":{"origin":[12.2813,3.5,0.875],"axis":"y","angle":-45},"faces":{"down":{"uv":[1,0.5,1.5,2.75],"rotation":180,"texture":"#texture"},"up":{"uv":[0,0.5,0.5,2.75],"texture":"#texture"},"north":{"uv":[0.5,0,1,0.5],"texture":"#texture"},"south":{"uv":[1,0,1.5,0.5],"texture":"#texture"},"west":{"uv":[0.5,0.5,1,2.75],"rotation":270,"texture":"#texture"},"east":{"uv":[1.5,0.5,2,2.75],"rotation":90,"texture":"#texture"}}},{"__comment":"spike*","from":[7.5,-1.375,1.125],"to":[8.5,-0.375,5.625],"rotation":{"origin":[7.5,-0.375,1.125],"axis":"x","angle":-45},"faces":{"down":{"uv":[1,0.5,1.5,2.75],"rotation":180,"texture":"#texture"},"up":{"uv":[0,0.5,0.5,2.75],"texture":"#texture"},"north":{"uv":[0.5,0,1,0.5],"texture":"#texture"},"south":{"uv":[1,0,1.5,0.5],"texture":"#texture"},"west":{"uv":[0.5,0.5,1,2.75],"rotation":270,"texture":"#texture"},"east":{"uv":[1.5,0.5,2,2.75],"rotation":90,"texture":"#texture"}}},{"__comment":"spike*","from":[6,3.5,7.125],"to":[7,4.5,11.625],"rotation":{"origin":[6,3.5,7.125],"axis":"y","angle":-45},"faces":{"down":{"uv":[1,0.5,1.5,2.75],"texture":"#texture"},"up":{"uv":[0,0.5,0.5,2.75],"rotation":180,"texture":"#texture"},"north":{"uv":[1,0,1.5,0.5],"texture":"#texture"},"south":{"uv":[0.5,0,1,0.5],"texture":"#texture"},"west":{"uv":[0.5,0.5,1,2.75],"rotation":90,"texture":"#texture"},"east":{"uv":[1.5,0.5,2,2.75],"rotation":270,"texture":"#texture"}}},{"__comment":"spike*","from":[7.5,1.75,7.875],"to":[8.5,2.75,12.375],"rotation":{"origin":[7.5,2.75,7.875],"axis":"x","angle":45},"faces":{"down":{"uv":[1,0.5,1.5,2.75],"texture":"#texture"},"up":{"uv":[0,0.5,0.5,2.75],"rotation":180,"texture":"#texture"},"north":{"uv":[1,0,1.5,0.5],"texture":"#texture"},"south":{"uv":[0.5,0,1,0.5],"texture":"#texture"},"west":{"uv":[0.5,0.5,1,2.75],"rotation":90,"texture":"#texture"},"east":{"uv":[1.5,0.5,2,2.75],"rotation":270,"texture":"#texture"}}},{"__comment":"spike*","from":[9.125,3.5,7.875],"to":[10.125,4.5,12.375],"rotation":{"origin":[9.125,3.5,7.875],"axis":"y","angle":45},"faces":{"down":{"uv":[1,0.5,1.5,2.75],"texture":"#texture"},"up":{"uv":[0,0.5,0.5,2.75],"rotation":180,"texture":"#texture"},"north":{"uv":[1,0,1.5,0.5],"texture":"#texture"},"south":{"uv":[0.5,0,1,0.5],"texture":"#texture"},"west":{"uv":[0.5,0.5,1,2.75],"rotation":90,"texture":"#texture"},"east":{"uv":[1.5,0.5,2,2.75],"rotation":270,"texture":"#texture"}}},{"__comment":"spike*","from":[6.25,-1.125,5.75],"to":[7.25,3.375,6.75],"rotation":{"origin":[6.25,3.375,5.75],"axis":"z","angle":-45},"faces":{"down":{"uv":[0.5,0.5,1,0],"texture":"#texture"},"up":{"uv":[1,0,1.5,0.5],"texture":"#texture"},"north":{"uv":[0,2.75,0.5,0.5],"texture":"#texture"},"south":{"uv":[1,2.75,1.5,0.5],"texture":"#texture"},"west":{"uv":[0.5,2.75,1,0.5],"texture":"#texture"},"east":{"uv":[1.5,2.75,2,0.5],"texture":"#texture"}}},{"__comment":"spike*","from":[12.375,4.5,5.625],"to":[13.375,9,6.625],"rotation":{"origin":[12.375,9,5.625],"axis":"z","angle":-45},"faces":{"down":{"uv":[1,0.5,1.5,0],"texture":"#texture"},"up":{"uv":[0.5,0,1,0.5],"texture":"#texture"},"north":{"uv":[0,0.5,0.5,2.75],"texture":"#texture"},"south":{"uv":[1,0.5,1.5,2.75],"texture":"#texture"},"west":{"uv":[0.5,0.5,1,2.75],"texture":"#texture"},"east":{"uv":[1.5,0.5,2,2.75],"texture":"#texture"}}},{"__comment":"spike*","from":[9.125,-1.875,5.75],"to":[10.125,2.625,6.75],"rotation":{"origin":[9.125,2.625,5.75],"axis":"z","angle":45},"faces":{"down":{"uv":[0.5,0.5,1,0],"texture":"#texture"},"up":{"uv":[1,0,1.5,0.5],"texture":"#texture"},"north":{"uv":[0,2.75,0.5,0.5],"texture":"#texture"},"south":{"uv":[1,2.75,1.5,0.5],"texture":"#texture"},"west":{"uv":[0.5,2.75,1,0.5],"texture":"#texture"},"east":{"uv":[1.5,2.75,2,0.5],"texture":"#texture"}}}],"display":{"thirdperson_righthand":{"scale":[1.5,1.5,1.5]},"head":{"scale":[3.6,3.6,3.6]},"gui":{"rotation":[-90,135,90],"translation":[1,3.5,0],"scale":[0.8,0.8,0.8]}}}