{"textures":{"texture":"strike/equipment/knife"},"elements":[{"from":[7.25,0.25,6.25],"to":[9,0.5,8],"faces":{"down":{"uv":[13.004,7.254,14.746,8.996],"texture":"#texture"},"up":{"uv":[13.003,7.254,14.746,8.996],"texture":"#texture"},"north":{"uv":[5.004,15.503,6.745,15.746],"texture":"#texture"},"south":{"uv":[5.004,15.503,6.745,15.746],"texture":"#texture"},"west":{"uv":[5.004,15.503,6.745,15.746],"texture":"#texture"},"east":{"uv":[5.004,15.503,6.745,15.746],"texture":"#texture"}}},{"from":[7.5,0,6.5],"to":[8.75,0.25,7.75],"faces":{"down":{"uv":[14.496,8.746,13.254,7.504],"texture":"#texture"},"north":{"uv":[5.254,15.996,6.495,15.753],"texture":"#texture"},"south":{"uv":[5.254,15.996,6.495,15.753],"texture":"#texture"},"west":{"uv":[5.254,15.996,6.495,15.753],"texture":"#texture"},"east":{"uv":[5.254,15.996,6.495,15.753],"texture":"#texture"}}},{"from":[7.5,0.5,6.25],"to":[8.75,1.5,8],"faces":{"up":{"uv":[5.504,13.503,6.495,15.496],"texture":"#texture"},"north":{"uv":[5.504,14.503,6.495,15.496],"texture":"#texture"},"south":{"uv":[9.003,14.503,9.9962,15.496],"texture":"#texture"},"west":{"uv":[1.753,14.503,3.433,15.496],"texture":"#texture"},"east":{"uv":[1.753,14.503,3.433,15.496],"texture":"#texture"}}},{"from":[7.5,1.5,6.5],"to":[8.75,4.75,8],"faces":{"north":{"uv":[5.254,11.503,6.495,14.496],"texture":"#texture"},"south":{"uv":[5.254,11.503,6.495,14.496],"texture":"#texture"},"west":{"uv":[5.254,11.503,6.495,14.496],"texture":"#texture"},"east":{"uv":[5.254,11.503,6.495,14.496],"texture":"#texture"}}},{"from":[7.5,4.75,6.25],"to":[8.75,6.25,8],"faces":{"down":{"uv":[6.496,11.996,5.504,9.754],"texture":"#texture"},"north":{"uv":[5.254,9.753,6.495,11.246],"texture":"#texture"},"south":{"uv":[5.254,9.753,6.495,11.246],"texture":"#texture"},"west":{"uv":[1.753,9.753,3.496,11.246],"texture":"#texture"},"east":{"uv":[1.753,9.753,3.496,11.246],"texture":"#texture"}}},{"from":[7,6.25,5.5],"to":[9.25,6.5,8.5],"faces":{"down":{"uv":[13.004,7.254,14.746,8.996],"texture":"#texture"},"up":{"uv":[13.003,7.254,14.746,8.996],"texture":"#texture"},"north":{"uv":[4.754,9.503,6.995,9.746],"texture":"#texture"},"south":{"uv":[4.748,9.503,7.001,9.746],"texture":"#texture"},"west":{"uv":[1.003,9.503,3.996,9.746],"texture":"#texture"},"east":{"uv":[1.003,9.503,3.996,9.746],"texture":"#texture"}}},{"from":[7.5,6.5,6.25],"to":[8.5,7.5,8],"faces":{"north":{"uv":[5.504,8.503,6.245,9.4962],"texture":"#texture"},"south":{"uv":[5.504,8.503,6.245,9.4962],"texture":"#texture"},"west":{"uv":[1.753,8.503,3.496,9.4962],"texture":"#texture"},"east":{"uv":[1.753,8.503,3.496,9.4962],"texture":"#texture"}}},{"from":[7.5,7.5,6],"to":[8.5,9,8],"faces":{"down":{"uv":[3.496,8.496,3.004,7.004],"texture":"#texture"},"up":{"uv":[2.503,6.504,3.496,8.4962],"texture":"#texture"},"north":{"uv":[5.504,8.003,6.245,8.996],"texture":"#texture"},"south":{"uv":[9.003,8.003,9.746,8.996],"texture":"#texture"},"west":{"uv":[1.503,7.754,3.496,8.746],"texture":"#texture"},"east":{"uv":[1.503,7.754,3.496,8.746],"texture":"#texture"}}},{"from":[8,9,6],"to":[8.5,12,6.75],"faces":{"up":{"uv":[1.503,6.504,2.246,7.245],"texture":"#texture"},"north":{"uv":[6.183,4.504,5.504,7.245],"texture":"#texture"},"west":{"uv":[1.503,4.254,2.246,7.245],"texture":"#texture"},"east":{"uv":[0.254,4.254,0.995,7.245],"texture":"#texture"}}},{"from":[7.5,9,6.75],"to":[8.5,12,8],"faces":{"north":{"uv":[5.504,4.004,6.245,6.995],"texture":"#texture"},"south":{"uv":[9.003,4.004,9.746,6.995],"texture":"#texture"},"west":{"uv":[2.503,4.254,3.496,7.245],"texture":"#texture"},"east":{"uv":[3.496,4.254,2.503,7.245],"texture":"#texture"}}},{"from":[8,12,6],"to":[8.5,14,6.5],"faces":{"up":{"uv":[1.503,2.003,1.996,2.496],"texture":"#texture"},"north":{"uv":[6.245,1.503,5.504,3.746],"texture":"#texture"},"south":{"uv":[9.003,1.503,9.746,3.746],"texture":"#texture"},"west":{"uv":[1.503,2.003,1.996,4.245],"texture":"#texture"},"east":{"uv":[0.504,2.003,0.995,4.245],"texture":"#texture"}}},{"from":[7.5,12.5,6.5],"to":[8.5,14,7.75],"faces":{"up":{"uv":[2.003,2.253,2.996,3.746],"texture":"#texture"},"north":{"uv":[5.504,2.503,6.245,3.996],"texture":"#texture"},"south":{"uv":[9.003,2.503,9.746,3.996],"texture":"#texture"},"west":{"uv":[2.003,2.253,2.996,3.746],"texture":"#texture"},"east":{"uv":[2.996,2.253,2.003,3.746],"texture":"#texture"}}},{"from":[8,14,6],"to":[8.5,14.5,6.25],"faces":{"up":{"uv":[1.503,1.503,2.246,1.746],"texture":"#texture"},"north":{"uv":[6.245,1.503,5.504,1.996],"texture":"#texture"},"west":{"uv":[1.503,1.503,1.746,1.996],"texture":"#texture"},"east":{"uv":[2.003,1.503,2.246,1.996],"texture":"#texture"}}},{"from":[7.5,12,6.5],"to":[8.5,12.5,8],"faces":{"down":{"uv":[2.004,3.754,3.246,4.246],"texture":"#texture"},"up":{"uv":[2.003,3.753,3.246,4.245],"texture":"#texture"},"north":{"uv":[5.504,3.503,6.245,3.996],"texture":"#texture"},"south":{"uv":[9.003,4.004,9.746,4.495],"texture":"#texture"},"west":{"uv":[2.003,3.753,2.996,3.996],"texture":"#texture"},"east":{"uv":[2.996,3.753,2.003,3.996],"texture":"#texture"}}},{"from":[7.5,14,6.5],"to":[8.5,15.5,7.5],"faces":{"north":{"uv":[2.003,0.754,2.996,2.246],"texture":"#texture"},"south":{"uv":[2.003,0.754,2.996,2.246],"texture":"#texture"},"west":{"uv":[2.003,0.754,2.996,2.246],"texture":"#texture"},"east":{"uv":[2.996,0.754,2.003,2.246],"texture":"#texture"}}},{"from":[7.5,14,6.25],"to":[8.5,15,6.5],"faces":{"down":{"uv":[2.246,1.496,1.754,1.004],"texture":"#texture"},"up":{"uv":[2.003,1.003,2.746,1.246],"texture":"#texture"},"north":{"uv":[5.754,1.003,5.995,1.996],"texture":"#texture"},"west":{"uv":[1.753,1.003,1.996,1.996],"texture":"#texture"},"east":{"uv":[1.753,1.003,1.996,1.996],"texture":"#texture"}}},{"from":[7.5,15.5,6.5],"to":[8.5,15.75,7.5],"faces":{"up":{"uv":[1.753,1.003,2.746,1.246],"texture":"#texture"},"north":{"uv":[5.754,0.504,5.995,1.496],"texture":"#texture"},"south":{"uv":[5.754,0.504,5.995,1.496],"texture":"#texture"},"west":{"uv":[1.753,1.003,1.996,1.996],"texture":"#texture"},"east":{"uv":[1.753,1.003,1.996,1.996],"texture":"#texture"}}},{"from":[7.5,15.75,6.75],"to":[8.5,16,7.1875],"faces":{"up":{"uv":[2.503,0.254,2.746,0.495],"texture":"#texture"},"north":{"uv":[2.503,0.254,2.746,0.495],"texture":"#texture"},"south":{"uv":[2.503,0.254,2.746,0.495],"texture":"#texture"},"west":{"uv":[2.503,0.254,2.746,0.495],"texture":"#texture"},"east":{"uv":[2.503,0.254,2.746,0.495],"texture":"#texture"}}}],"display":{"thirdperson_righthand":{"translation":[-1,2,2],"scale":[0.7,0.7,0.7 ]},"head":{"rotation":[-125,75,0],"translation":[4.3,3,0],"scale":[1,1,1 ]},"ground":{"rotation":[-90,0,0],"translation":[0,0,0],"scale":[3,3,3 ]},"fixed":{"rotation":[-75,180,0],"translation":[0,0,-7.8],"scale":[3,3,3 ]},"firstperson_righthand":{"rotation":[-15,25,0],"translation":[2.5,2,-1],"scale":[1,1,1 ]},"firstperson_lefthand":{"rotation":[-15,25,0],"translation":[2.5,2,-1],"scale":[-1,1,1 ]},"gui":{"rotation":[90,135,-90],"translation":[0.5,1,0],"scale":[1,1,1 ]}}}