{"textures":{"texture":"strike/equipment/smoke"},"elements":[{"from":[6,5,2],"to":[10,11,14],"faces":{"down":{"uv":[11,1,13,7],"texture":"#texture"},"up":{"uv":[11,1,13,7],"texture":"#texture"},"north":{"uv":[3,2.5,5,5.5],"texture":"#texture"},"south":{"uv":[3,2.5,5,5.5],"texture":"#texture"},"west":{"uv":[1,2.5,7,5.5],"texture":"#texture"},"east":{"uv":[1,2.5,7,5.5],"texture":"#texture"}}},{"from":[2,5,6],"to":[14,11,10],"faces":{"down":{"uv":[9,3,15,5],"texture":"#texture"},"up":{"uv":[9,3,15,5],"texture":"#texture"},"north":{"uv":[1,2.5,7,5.5],"texture":"#texture"},"south":{"uv":[1,2.5,7,5.5],"texture":"#texture"},"west":{"uv":[3,2.5,5,5.5],"texture":"#texture"},"east":{"uv":[3,2.5,5,5.5],"texture":"#texture"}}},{"from":[5,4,3],"to":[11,12,13],"faces":{"down":{"uv":[10.5,1.5,13.5,6.5],"texture":"#texture"},"up":{"uv":[10.5,1.5,13.5,6.5],"texture":"#texture"},"north":{"uv":[2.5,2,5.5,6],"texture":"#texture"},"south":{"uv":[2.5,2,5.5,6],"texture":"#texture"},"west":{"uv":[1.5,2,6.5,6],"texture":"#texture"},"east":{"uv":[1.5,2,6.5,6],"texture":"#texture"}}},{"from":[3,4,5],"to":[13,12,11],"faces":{"down":{"uv":[14.5,5.5,9.5,2.5],"texture":"#texture"},"up":{"uv":[9.5,2.5,14.5,5.5],"texture":"#texture"},"north":{"uv":[1.5,2,6.5,6],"texture":"#texture"},"south":{"uv":[1.5,2,6.5,6],"texture":"#texture"},"west":{"uv":[2.5,2,5.5,6],"texture":"#texture"},"east":{"uv":[2.5,2,5.5,6],"texture":"#texture"}}},{"from":[4,6,3],"to":[12,10,13],"faces":{"down":{"uv":[14,6.5,10,1.5],"texture":"#texture"},"up":{"uv":[10,1.5,14,6.5],"texture":"#texture"},"north":{"uv":[2,3,6,5],"texture":"#texture"},"south":{"uv":[2,3,6,5],"texture":"#texture"},"west":{"uv":[1.5,3,6.5,5],"texture":"#texture"},"east":{"uv":[1.5,3,6.5,5],"texture":"#texture"}}},{"from":[3,6,4],"to":[13,10,12],"faces":{"down":{"uv":[14.5,6,9.5,2],"texture":"#texture"},"up":{"uv":[9.5,2,14.5,6],"texture":"#texture"},"north":{"uv":[1.5,3,6.5,5],"texture":"#texture"},"south":{"uv":[1.5,3,6.5,5],"texture":"#texture"},"west":{"uv":[2,3,6,5],"texture":"#texture"},"east":{"uv":[2,3,6,5],"texture":"#texture"}}},{"from":[4,3,4],"to":[12,13,12],"faces":{"down":{"uv":[10,2,14,6],"texture":"#texture"},"up":{"uv":[10,2,14,6],"texture":"#texture"},"north":{"uv":[2,1.5,6,6.5],"texture":"#texture"},"south":{"uv":[2,1.5,6,6.5],"texture":"#texture"},"west":{"uv":[2,1.5,6,6.5],"texture":"#texture"},"east":{"uv":[2,1.5,6,6.5],"texture":"#texture"}}},{"from":[6,3,3],"to":[10,13,13],"faces":{"down":{"uv":[11,1.5,13,6.5],"texture":"#texture"},"up":{"uv":[11,1.5,13,6.5],"texture":"#texture"},"north":{"uv":[3,1.5,5,6.5],"texture":"#texture"},"south":{"uv":[3,1.5,5,6.5],"texture":"#texture"},"west":{"uv":[1.5,1.5,6.5,6.5],"texture":"#texture"},"east":{"uv":[1.5,1.5,6.5,6.5],"texture":"#texture"}}},{"from":[3,3,6],"to":[13,13,10],"faces":{"down":{"uv":[9.5,3,14.5,5],"texture":"#texture"},"up":{"uv":[9.5,3,14.5,5],"texture":"#texture"},"north":{"uv":[1.5,1.5,6.5,6.5],"texture":"#texture"},"south":{"uv":[1.5,1.5,6.5,6.5],"texture":"#texture"},"west":{"uv":[3,1.5,5,6.5],"texture":"#texture"},"east":{"uv":[3,1.5,5,6.5],"texture":"#texture"}}},{"from":[4,2,5],"to":[12,14,11],"faces":{"down":{"uv":[10,2.5,14,5.5],"texture":"#texture"},"up":{"uv":[10,2.5,14,5.5],"texture":"#texture"},"north":{"uv":[2,1,6,7],"texture":"#texture"},"south":{"uv":[2,1,6,7],"texture":"#texture"},"west":{"uv":[2.5,1,5.5,7],"texture":"#texture"},"east":{"uv":[2.5,1,5.5,7],"texture":"#texture"}}},{"from":[5,2,4],"to":[11,14,12],"faces":{"down":{"uv":[10.5,2,13.5,6],"texture":"#texture"},"up":{"uv":[10.5,2,13.5,6],"texture":"#texture"},"north":{"uv":[2.5,1,5.5,7],"texture":"#texture"},"south":{"uv":[2.5,1,5.5,7],"texture":"#texture"},"west":{"uv":[2,1,6,7],"texture":"#texture"},"east":{"uv":[2,1,6,7],"texture":"#texture"}}},{"from":[6,1,5],"to":[10,15,11],"faces":{"down":{"uv":[11,2.5,13,5.5],"texture":"#texture"},"up":{"uv":[11,2.5,13,5.5],"texture":"#texture"},"north":{"uv":[3,1,5,7.5],"texture":"#texture"},"south":{"uv":[3,1,5,7.5],"texture":"#texture"},"west":{"uv":[2.5,0.5,5.5,7.5],"texture":"#texture"},"east":{"uv":[2.5,0.5,5.5,7.5],"texture":"#texture"}}},{"from":[5,1,6],"to":[11,15,10],"faces":{"down":{"uv":[10.5,3,13.5,5],"texture":"#texture"},"up":{"uv":[10.5,3,13.5,5],"texture":"#texture"},"north":{"uv":[2.5,0.5,5.5,7.5],"texture":"#texture"},"south":{"uv":[2.5,0.5,5.5,7.5],"texture":"#texture"},"west":{"uv":[3,1,5,7.5],"texture":"#texture"},"east":{"uv":[3,1,5,7.5],"texture":"#texture"}}},{"from":[6,0,7],"to":[10,16,9],"faces":{"down":{"uv":[11,3.5,13,4.5],"texture":"#texture"},"up":{"uv":[11,3.5,13,4.5],"texture":"#texture"},"north":{"uv":[3,0,5,8],"texture":"#texture"},"south":{"uv":[3,0,5,8],"texture":"#texture"},"west":{"uv":[3.5,0,4.5,8],"texture":"#texture"},"east":{"uv":[3.5,0,4.5,8],"texture":"#texture"}}},{"from":[7,0,6],"to":[9,16,10],"faces":{"down":{"uv":[11.5,3,12.5,5],"texture":"#texture"},"up":{"uv":[11.5,3,12.5,5],"texture":"#texture"},"north":{"uv":[3.5,0,4.5,8],"texture":"#texture"},"south":{"uv":[3.5,0,4.5,8],"texture":"#texture"},"west":{"uv":[3,0,5,8],"texture":"#texture"},"east":{"uv":[3,0,5,8],"texture":"#texture"}}},{"__comment":"pin","from":[6,17,7],"to":[7,18,9],"faces":{"down":{"uv":[1.5,8.5,2.5,9],"texture":"#texture"},"up":{"uv":[1.5,8.5,2.5,9],"texture":"#texture"},"north":{"uv":[9,8.5,9.5,9],"texture":"#texture"},"south":{"uv":[9,8.5,9.5,9],"texture":"#texture"},"west":{"uv":[13,8.5,14,9],"texture":"#texture"}}},{"__comment":"pin","from":[7,16,7],"to":[10,18,9],"faces":{"up":{"uv":[1.5,9,2.5,10.5],"texture":"#texture"},"north":{"uv":[7.5,8.5,9,9.5],"texture":"#texture"},"south":{"uv":[7.5,8.5,9,9.5],"texture":"#texture"},"west":{"uv":[13,8.5,14,9.5],"texture":"#texture"},"east":{"uv":[13,8.5,14,9.5],"texture":"#texture"}}},{"__comment":"pin","from":[15,6,7],"to":[16,11,9],"faces":{"down":{"uv":[2.5,13.5,1.5,13],"texture":"#texture"},"up":{"uv":[1.5,13,2.5,13.5],"texture":"#texture"},"north":{"uv":[4.5,12,5,14.5],"texture":"#texture"},"south":{"uv":[4.5,12,5,14.5],"texture":"#texture"},"west":{"uv":[13,12.5,14,15],"texture":"#texture"},"east":{"uv":[13,12.5,14,15],"texture":"#texture"}}},{"__comment":"pin","from":[14,11,7],"to":[15,13,9],"faces":{"down":{"uv":[1.5,12.5,2.5,13],"texture":"#texture"},"up":{"uv":[1.5,12.5,2.5,13],"texture":"#texture"},"north":{"uv":[5,11,5.5,12],"texture":"#texture"},"south":{"uv":[5,11,5.5,12],"texture":"#texture"},"west":{"uv":[13,11.5,14,12.5],"texture":"#texture"},"east":{"uv":[13,11.5,14,12.5],"texture":"#texture"}}},{"__comment":"pin","from":[13,13,7],"to":[14,15,9],"faces":{"down":{"uv":[2.5,12.5,1.5,12],"texture":"#texture"},"up":{"uv":[1.5,12,2.5,12.5],"texture":"#texture"},"north":{"uv":[5.5,10,6,11],"texture":"#texture"},"south":{"uv":[5.5,10,6,11],"texture":"#texture"},"west":{"uv":[13,10.5,14,11.5],"texture":"#texture"},"east":{"uv":[13,10.5,14,11.5],"texture":"#texture"}}},{"__comment":"pin","from":[10,17,7],"to":[11,18,9],"faces":{"down":{"uv":[1.5,10.5,2.5,11],"texture":"#texture"},"up":{"uv":[1.5,10.5,2.5,11],"texture":"#texture"},"north":{"uv":[7,8.5,7.5,9],"texture":"#texture"},"south":{"uv":[7,8.5,7.5,9],"texture":"#texture"},"east":{"uv":[13,9,14,9.5],"texture":"#texture"}}},{"__comment":"pin","from":[11,16,7],"to":[12,17,9],"faces":{"down":{"uv":[1.5,11,2.5,11.5],"texture":"#texture"},"up":{"uv":[1.5,11,2.5,11.5],"texture":"#texture"},"north":{"uv":[6.5,9,7,9.5],"texture":"#texture"},"south":{"uv":[6.5,9,7,9.5],"texture":"#texture"},"west":{"uv":[13,9.5,14,10],"texture":"#texture"},"east":{"uv":[13,9.5,14,10],"texture":"#texture"}}},{"__comment":"pin","from":[12,15,7],"to":[13,16,9],"faces":{"down":{"uv":[2.5,12,1.5,11.5],"texture":"#texture"},"up":{"uv":[1.5,11.5,2.5,12],"texture":"#texture"},"north":{"uv":[6,9.5,6.5,10],"texture":"#texture"},"south":{"uv":[6,9.5,6.5,10],"texture":"#texture"},"west":{"uv":[13,10,14,10.5],"texture":"#texture"},"east":{"uv":[13,10,14,10.5],"texture":"#texture"}}}],"display":{"firstperson_righthand":{"rotation":[0,-90,0],"scale":[0.8,0.8,0.8]},"firstperson_lefthand":{"rotation":[0,-90,0],"scale":[-0.8,0.8,0.8]},"thirdperson_righthand":{"rotation":[45,-90,0],"translation":[0,0,-2.25],"scale":[0.35,0.35,0.35]},"ground":{"translation":[0,3.4,0],"scale":[0.5,0.5,0.5]},"gui":{"rotation":[0,0,45],"translation":[0,-0.5,0],"scale":[0.8,0.8,0.8]}}}