{"textures":{"texture":"strike/equipment/speedjolt"},"elements":[{"from":[7,7,7],"to":[8,10,9],"faces":{"down":{"uv":[5,9,4,8],"rotation":90,"texture":"#texture"},"up":{"uv":[4,8,5,9],"rotation":90,"texture":"#texture"},"north":{"uv":[4,7,5,10],"texture":"#texture"},"south":{"uv":[7,7,8,10],"texture":"#texture"},"west":{"uv":[5,7,7,10],"texture":"#texture"},"east":{"uv":[5,7,7,10],"texture":"#texture"}}},{"from":[7,10,5],"to":[8,11,8],"faces":{"down":{"uv":[5,7,2,6],"rotation":90,"texture":"#texture"},"up":{"uv":[4,6,7,7],"rotation":90,"texture":"#texture"},"north":{"uv":[1,5,2,6],"texture":"#texture"},"south":{"uv":[5,5,6,6],"texture":"#texture"},"west":{"uv":[3,6,6,7],"texture":"#texture"},"east":{"uv":[3,6,6,7],"texture":"#texture"}}},{"from":[7,11,4],"to":[8,12,7],"faces":{"down":{"uv":[5,5,2,4],"rotation":90,"texture":"#texture"},"up":{"uv":[2,4,5,5],"texture":"#texture"},"north":{"uv":[1,5,2,6],"texture":"#texture"},"south":{"uv":[1,5,2,6],"texture":"#texture"},"west":{"uv":[2,5,5,6],"texture":"#texture"},"east":{"uv":[2,5,5,6],"texture":"#texture"}}},{"from":[7,7,6],"to":[8,8,7],"faces":{"up":{"uv":[3,9,4,10],"texture":"#texture"},"north":{"uv":[3,9,4,10],"texture":"#texture"},"west":{"uv":[4,9,5,10],"texture":"#texture"},"east":{"uv":[4,9,5,10],"texture":"#texture"}}},{"from":[7,9,6],"to":[8,10,7],"faces":{"down":{"uv":[4,8,3,7],"texture":"#texture"},"north":{"uv":[3,7,4,8],"texture":"#texture"},"west":{"uv":[4,7,5,8],"texture":"#texture"},"east":{"uv":[4,7,5,8],"texture":"#texture"}}},{"from":[7,6,5],"to":[8,7,8],"faces":{"down":{"uv":[7,11,4,10],"rotation":90,"texture":"#texture"},"up":{"uv":[2,10,5,11],"rotation":90,"texture":"#texture"},"north":{"uv":[6,10,7,11],"texture":"#texture"},"south":{"uv":[6,10,7,11],"texture":"#texture"},"west":{"uv":[3,10,6,11],"texture":"#texture"},"east":{"uv":[3,10,6,11],"texture":"#texture"}}},{"from":[7,8,9],"to":[8,9,10],"faces":{"down":{"uv":[9,9,8,8],"texture":"#texture"},"up":{"uv":[8,8,9,9],"texture":"#texture"},"south":{"uv":[8,8,9,9],"texture":"#texture"},"west":{"uv":[7,8,8,9],"texture":"#texture"},"east":{"uv":[7,8,8,9],"texture":"#texture"}}},{"from":[7,5,4],"to":[8,6,7],"faces":{"down":{"uv":[4,13,1,12],"rotation":90,"texture":"#texture"},"up":{"uv":[1,12,4,13],"rotation":90,"texture":"#texture"},"north":{"uv":[5,11,6,12],"texture":"#texture"},"south":{"uv":[1,11,2,12],"texture":"#texture"},"west":{"uv":[2,11,5,12],"texture":"#texture"},"east":{"uv":[2,11,5,12],"texture":"#texture"}}},{"from":[6,7,10],"to":[7,10,12],"faces":{"down":{"uv":[5,9,4,8],"rotation":90,"texture":"#texture"},"up":{"uv":[4,8,5,9],"rotation":90,"texture":"#texture"},"north":{"uv":[4,7,5,10],"texture":"#texture"},"south":{"uv":[7,7,8,10],"texture":"#texture"},"west":{"uv":[5,7,7,10],"texture":"#texture"},"east":{"uv":[5,7,7,10],"texture":"#texture"}}},{"from":[6,10,8],"to":[7,11,11],"faces":{"down":{"uv":[5,7,2,6],"rotation":90,"texture":"#texture"},"up":{"uv":[4,6,7,7],"rotation":90,"texture":"#texture"},"north":{"uv":[1,5,2,6],"texture":"#texture"},"south":{"uv":[5,5,6,6],"texture":"#texture"},"west":{"uv":[3,6,6,7],"texture":"#texture"},"east":{"uv":[3,6,6,7],"texture":"#texture"}}},{"from":[6,11,7],"to":[7,12,10],"faces":{"down":{"uv":[5,5,2,4],"rotation":90,"texture":"#texture"},"up":{"uv":[2,4,5,5],"texture":"#texture"},"north":{"uv":[1,5,2,6],"texture":"#texture"},"south":{"uv":[1,5,2,6],"texture":"#texture"},"west":{"uv":[2,5,5,6],"texture":"#texture"},"east":{"uv":[2,5,5,6],"texture":"#texture"}}},{"from":[6,7,9],"to":[7,8,10],"faces":{"up":{"uv":[3,9,4,10],"texture":"#texture"},"north":{"uv":[3,9,4,10],"texture":"#texture"},"west":{"uv":[4,9,5,10],"texture":"#texture"},"east":{"uv":[4,9,5,10],"texture":"#texture"}}},{"from":[6,9,9],"to":[7,10,10],"faces":{"down":{"uv":[4,8,3,7],"texture":"#texture"},"north":{"uv":[3,7,4,8],"texture":"#texture"},"west":{"uv":[4,7,5,8],"texture":"#texture"},"east":{"uv":[4,7,5,8],"texture":"#texture"}}},{"from":[6,6,8],"to":[7,7,11],"faces":{"down":{"uv":[7,11,4,10],"rotation":90,"texture":"#texture"},"up":{"uv":[2,10,5,11],"rotation":90,"texture":"#texture"},"north":{"uv":[6,10,7,11],"texture":"#texture"},"south":{"uv":[6,10,7,11],"texture":"#texture"},"west":{"uv":[3,10,6,11],"texture":"#texture"},"east":{"uv":[3,10,6,11],"texture":"#texture"}}},{"from":[6,8,12],"to":[7,9,13],"faces":{"down":{"uv":[9,9,8,8],"texture":"#texture"},"up":{"uv":[8,8,9,9],"texture":"#texture"},"south":{"uv":[8,8,9,9],"texture":"#texture"},"west":{"uv":[7,8,8,9],"texture":"#texture"},"east":{"uv":[7,8,8,9],"texture":"#texture"}}},{"from":[6,5,7],"to":[7,6,10],"faces":{"down":{"uv":[4,13,1,12],"rotation":90,"texture":"#texture"},"up":{"uv":[1,12,4,13],"rotation":90,"texture":"#texture"},"north":{"uv":[5,11,6,12],"texture":"#texture"},"south":{"uv":[1,11,2,12],"texture":"#texture"},"west":{"uv":[2,11,5,12],"texture":"#texture"},"east":{"uv":[2,11,5,12],"texture":"#texture"}}}],"display":{"thirdperson_righthand":{"rotation":[70,180,0],"scale":[0.8,0.8,0.8]},"firstperson_righthand":{"rotation":[0,180,0],"translation":[-1,3,2],"scale":[1,1,1]},"gui":{"rotation":[90,-135,90],"translation":[-1,0,0],"scale":[1.5,1.5,1.5]}}}