{"textures":{"texture":"strike/equipment/stun","glass":"blocks/glass"},"elements":[{"from":[6,0,6],"to":[10,1,10],"faces":{"down":{"uv":[8,5,12,9],"rotation":90,"texture":"#texture"},"up":{"uv":[8,1,12,5],"rotation":90,"texture":"#texture"},"north":{"uv":[0,8,4,9],"texture":"#texture"},"south":{"uv":[0,8,4,9],"texture":"#texture"},"west":{"uv":[4,8,8,9],"texture":"#texture"},"east":{"uv":[4,8,8,9],"texture":"#texture"}}},{"from":[6.5,1,6.5],"to":[9.5,7,9.5],"faces":{"north":{"uv":[0,2,3,8],"texture":"#texture"},"south":{"uv":[0,2,3,8],"texture":"#texture"},"west":{"uv":[3,2,6,8],"texture":"#texture"},"east":{"uv":[3,2,6,8],"texture":"#texture"}}},{"from":[6,2,6],"to":[10,3,10],"faces":{"down":{"uv":[12,5,16,9],"texture":"#texture"},"up":{"uv":[12,5,16,9],"texture":"#texture"},"north":{"uv":[0,6,4,7],"texture":"#texture"},"south":{"uv":[0,6,4,7],"texture":"#texture"},"west":{"uv":[4,6,8,7],"texture":"#texture"},"east":{"uv":[4,6,8,7],"texture":"#texture"}}},{"from":[6,5,6],"to":[10,6,10],"faces":{"down":{"uv":[8,5,12,9],"texture":"#texture"},"up":{"uv":[12,1,16,5],"texture":"#texture"},"north":{"uv":[0,3,4,4],"texture":"#texture"},"south":{"uv":[0,3,4,4],"texture":"#texture"},"west":{"uv":[4,3,8,4],"texture":"#texture"},"east":{"uv":[4,3,8,4],"texture":"#texture"}}},{"from":[6,7,6],"to":[10,9,10],"faces":{"down":{"uv":[8,5,12,9],"texture":"#texture"},"up":{"uv":[8,1,12,5],"texture":"#texture"},"north":{"uv":[0,0,4,2],"texture":"#texture"},"south":{"uv":[0,0,4,2],"texture":"#texture"},"west":{"uv":[4,0,8,2],"texture":"#texture"},"east":{"uv":[4,0,8,2],"texture":"#texture"}}},{"from":[7,4,10.5],"to":[9,8,11],"faces":{"down":{"uv":[9,15,11,15.5],"rotation":90,"texture":"#texture"},"up":{"uv":[9,10.5,11,11],"rotation":90,"texture":"#texture"},"north":{"uv":[9,11,11,15],"texture":"#texture"},"south":{"uv":[9,11,11,15],"texture":"#texture"},"west":{"uv":[8.5,11,9,15],"texture":"#texture"},"east":{"uv":[11,11,11.5,15],"texture":"#texture"}}},{"from":[7.5,7,10],"to":[8.5,8,10.5],"faces":{"down":{"uv":[2,12,3,12.5],"rotation":90,"texture":"#texture"},"up":{"uv":[2,11.5,3,12],"rotation":90,"texture":"#texture"},"west":{"uv":[1.5,12,2,13],"texture":"#texture"},"east":{"uv":[3,12,3.5,13],"texture":"#texture"}}}],"display":{"thirdperson_righthand":{"translation":[0,0.1,-1.7],"scale":[0.7,0.7,0.7]},"firstperson_righthand":{"rotation":[0,25,0],"translation":[0,5,0]},"ground":{"scale":[0.8,0.8,0.8],"translation":[0,4.7,0]},"gui":{"rotation":[90,135,-90],"translation":[-3.5,3,0],"scale":[1.4,1.4,1.4]}}}