{"textures":{"texture":"strike/equipment/wardog"},"elements":[{"from":[3,0,7],"to":[13,9,13],"faces":{"down":{"uv":[14.5,7.5,8.5,4.5],"texture":"#texture"},"up":{"uv":[8.5,4.5,14.5,7.5],"texture":"#texture"},"north":{"uv":[0.5,2.5,6.5,7.5],"texture":"#texture"},"south":{"uv":[8.5,2.5,14.5,7.5],"texture":"#texture"},"west":{"uv":[8.5,2.5,11,7.5],"texture":"#texture"},"east":{"uv":[8.5,2.5,11.5,7.5],"texture":"#texture"}}},{"from":[4,9,12],"to":[6,12,13],"faces":{"north":{"uv":[5,1,6,2.5],"texture":"#texture"},"south":{"uv":[13,1,14,2.5],"texture":"#texture"}}},{"from":[3,9,11],"to":[4,12,13],"faces":{"up":{"uv":[6,1.5,6.5,2.5],"texture":"#texture"},"north":{"uv":[6,1,6.5,2.5],"texture":"#texture"},"south":{"uv":[6,1,6.5,2.5],"texture":"#texture"},"west":{"uv":[10,1,10.5,2.5],"texture":"#texture"},"east":{"uv":[10,0.5,10.5,2],"texture":"#texture"}}},{"from":[4,12,11],"to":[6,13,13],"faces":{"down":{"uv":[9.5,0.5,10.5,1],"texture":"#texture"},"up":{"uv":[9,0.5,10,1],"texture":"#texture"},"north":{"uv":[5,0.5,6,1],"texture":"#texture"},"south":{"uv":[5,0.5,6,1],"texture":"#texture"},"west":{"uv":[9,0.5,10,1],"texture":"#texture"}}},{"from":[6,9,11],"to":[7,13,13],"faces":{"up":{"uv":[10,1.5,10.5,2.5],"texture":"#texture"},"north":{"uv":[4.5,0.5,5,2.5],"texture":"#texture"},"south":{"uv":[4.5,0.5,5,2.5],"texture":"#texture"},"west":{"uv":[9.5,0.5,10.5,2.5],"texture":"#texture"},"east":{"uv":[9.5,0.5,10.5,2.5],"texture":"#texture"}}},{"from":[10,9,12],"to":[12,12,13],"faces":{"north":{"uv":[1,1,2,2.5],"texture":"#texture"},"south":{"uv":[9,1,10,2.5],"texture":"#texture"}}},{"from":[9,9,11],"to":[10,13,13],"faces":{"up":{"uv":[9,5,9.5,5.5],"texture":"#texture"},"north":{"uv":[2,0.5,2.5,2.5],"texture":"#texture"},"south":{"uv":[10,0.5,10.5,2.5],"texture":"#texture"},"west":{"uv":[2,0.5,2.5,2.5],"texture":"#texture"},"east":{"uv":[2,0.5,2.5,2.5],"texture":"#texture"}}},{"from":[10,12,11],"to":[12,13,13],"faces":{"down":{"uv":[12,7.5,11,7],"texture":"#texture"},"up":{"uv":[8.5,6,9.5,6.5],"texture":"#texture"},"north":{"uv":[1,0.5,2,1],"texture":"#texture"},"south":{"uv":[9,0.5,10.5,1],"texture":"#texture"},"east":{"uv":[2,0.5,2.5,1],"texture":"#texture"}}},{"from":[12,9,11],"to":[13,12,13],"faces":{"up":{"uv":[8.5,6.5,9,7],"texture":"#texture"},"north":{"uv":[0.5,1,1,2.5],"texture":"#texture"},"south":{"uv":[8.5,1,9,2.5],"texture":"#texture"},"west":{"uv":[9.5,1,10.5,2.5],"texture":"#texture"},"east":{"uv":[9.5,1,10.5,2.5],"texture":"#texture"}}},{"from":[5,0,4],"to":[11,4,7],"faces":{"down":{"uv":[8.5,4.5,14.5,7.5],"texture":"#texture"},"up":{"uv":[8.5,4.5,14.5,7.5],"texture":"#texture"},"north":{"uv":[1.5,8,5.5,11],"texture":"#texture"},"west":{"uv":[9.5,12.5,12,15.5],"texture":"#texture"},"east":{"uv":[9.5,12.5,12,15.5],"texture":"#texture"}}}],"display":{"thirdperson_righthand":{"rotation":[70,0,0],"translation":[0,2.5,2.5],"scale":[0.4,0.4,0.4]},"head":{"translation":[0,9,-4.71],"scale":[2,2,2.5]},"firstperson_righthand":{"rotation":[0,45,0],"translation":[0,3,0],"scale":[1,1,1]},"gui":{"rotation":[0,180,-45],"translation":[-1,0.5,0],"scale":[0.8,0.8,0.8]}}}