{"elements":[{"from":[7.5,7.5,0],"to":[8,9.25,0.75],"faces":{"down":{"uv":[0.749,7.751,0.001,8.249],"rotation":90,"texture":"#texture"},"up":{"uv":[0.001,6.251,0.749,6.749],"rotation":90,"texture":"#texture"},"north":{"uv":[13.251,10.251,13.749,11.999],"texture":"#texture","cullface":"north"},"south":{"uv":[15.001,10.251,15.499,11.999],"texture":"#texture"},"west":{"uv":[0.001,1.751,0.6865,3.4365],"texture":"#texture"},"east":{"uv":[0.6865,1.751,0.001,3.4365],"texture":"#texture"}}},{"from":[7.5,7.75,0.75],"to":[8,9.5,1.75],"faces":{"down":{"uv":[1.749,7.751,0.751,8.249],"rotation":90,"texture":"#texture"},"up":{"uv":[0.751,6.251,1.749,6.749],"rotation":90,"texture":"#texture"},"north":{"uv":[13.251,10.001,13.749,11.749],"texture":"#texture"},"south":{"uv":[15.001,10.001,15.499,11.749],"texture":"#texture"},"west":{"uv":[0.751,1.501,1.6865,3.1865],"texture":"#texture"},"east":{"uv":[1.6865,1.501,0.751,3.1865],"texture":"#texture"}}},{"from":[7.5,8,1.75],"to":[8,9.5,2.5],"faces":{"down":{"uv":[2.499,7.751,1.751,8.249],"rotation":90,"texture":"#texture"},"up":{"uv":[1.751,6.251,2.499,6.749],"rotation":90,"texture":"#texture"},"south":{"uv":[15.001,10.001,15.499,11.499],"texture":"#texture"},"west":{"uv":[1.751,1.501,2.4365,2.9365],"texture":"#texture"},"east":{"uv":[2.4365,1.501,1.751,2.9365],"texture":"#texture"}}},{"from":[7.5,8.25,2.5],"to":[8,9.5,3.25],"faces":{"down":{"uv":[3.249,7.751,2.501,8.249],"rotation":90,"texture":"#texture"},"up":{"uv":[2.501,6.251,3.249,6.749],"rotation":90,"texture":"#texture"},"south":{"uv":[15.001,10.001,15.499,11.249],"texture":"#texture"},"west":{"uv":[2.501,1.501,3.1865,2.6865],"texture":"#texture"},"east":{"uv":[3.1865,1.501,2.501,2.6865],"texture":"#texture"}}},{"from":[7.5,8.5,3.25],"to":[8,9.5,4],"faces":{"down":{"uv":[3.999,7.751,3.251,8.249],"rotation":90,"texture":"#texture"},"up":{"uv":[3.251,6.251,3.999,6.749],"rotation":90,"texture":"#texture"},"south":{"uv":[15.001,10.001,15.499,10.999],"texture":"#texture"},"west":{"uv":[3.251,1.501,3.9365,2.4365],"texture":"#texture"},"east":{"uv":[3.9365,1.501,3.251,2.4365],"texture":"#texture"}}},{"from":[7.5,9.5,3.5],"to":[8,9.75,4],"faces":{"up":{"uv":[3.501,6.251,3.999,6.749],"rotation":90,"texture":"#texture"},"north":{"uv":[13.251,9.751,13.749,9.999],"texture":"#texture"},"west":{"uv":[3.501,1.251,3.9365,1.4365],"texture":"#texture"},"east":{"uv":[3.9365,1.251,3.501,1.4365],"texture":"#texture"}}},{"from":[7.5,8.5,4],"to":[8,9.25,4.25],"faces":{"down":{"uv":[4.001,7.751,4.249,8.249],"rotation":90,"texture":"#texture"},"south":{"uv":[15.001,10.251,15.499,10.999],"texture":"#texture"},"west":{"uv":[4.001,1.751,4.1865,2.4365],"texture":"#texture"},"east":{"uv":[4.001,1.751,4.1865,2.4365],"texture":"#texture"}}},{"from":[7.5,9.25,4],"to":[8,10,4.25],"faces":{"up":{"uv":[4.001,6.251,4.249,6.749],"rotation":90,"texture":"#texture"},"north":{"uv":[13.251,9.501,13.749,10.249],"texture":"#texture"},"south":{"uv":[15.001,9.501,15.499,10.249],"texture":"#texture"},"west":{"uv":[4.001,1.001,4.1865,1.6865],"texture":"#texture"},"east":{"uv":[4.001,1.001,4.1865,1.6865],"texture":"#texture"}}},{"from":[7.25,8.75,4.25],"to":[8.25,9.5,9.5],"faces":{"down":{"uv":[9.249,7.501,4.251,8.499],"rotation":90,"texture":"#texture"},"north":{"uv":[13.001,9.751,13.999,10.499],"texture":"#texture"},"west":{"uv":[4.251,1.501,9.4365,2.1865],"texture":"#texture"},"east":{"uv":[9.4365,1.501,4.251,2.1865],"texture":"#texture"}}},{"from":[7.5,9.75,4.25],"to":[8,10.25,10.25],"faces":{"up":{"uv":[4.251,6.251,10.249,6.749],"rotation":90,"texture":"#texture"},"north":{"uv":[13.251,9.251,13.749,9.499],"texture":"#texture"},"west":{"uv":[4.251,0.751,10.249,1.249],"texture":"#texture"},"east":{"uv":[10.249,0.751,4.251,1.249],"texture":"#texture"}}},{"from":[7.25,9.75,10.25],"to":[8.25,10.25,12.25],"faces":{"down":{"uv":[12.249,6.001,10.251,6.999],"rotation":90,"texture":"#texture"},"up":{"uv":[10.251,6.001,12.249,6.999],"rotation":90,"texture":"#texture"},"north":{"uv":[13.001,9.251,13.999,9.749],"texture":"#texture"},"south":{"uv":[14.751,9.251,15.749,9.749],"texture":"#texture"},"west":{"uv":[10.251,0.751,12.1865,1.1865],"texture":"#texture"},"east":{"uv":[12.1865,0.751,10.251,1.1865],"texture":"#texture"}}},{"from":[7.5,8.5,5.25],"to":[8,8.75,6],"faces":{"down":{"uv":[5.999,7.751,5.251,8.249],"rotation":90,"texture":"#texture"},"south":{"uv":[3.001,3.751,3.6865,3.9365],"texture":"#texture"},"west":{"uv":[5.251,2.251,5.9365,2.4365],"texture":"#texture"},"east":{"uv":[5.9365,2.251,5.251,2.4365],"texture":"#texture"}}},{"from":[7.25,9.5,4.25],"to":[8.25,9.75,10.75],"faces":{"down":{"uv":[10.749,7.501,4.251,8.499],"rotation":90,"texture":"#texture"},"up":{"uv":[4.251,6.001,10.749,6.999],"rotation":90,"texture":"#texture"},"north":{"uv":[13.001,9.751,13.999,9.999],"texture":"#texture"},"south":{"uv":[14.751,9.751,15.749,9.999],"texture":"#texture"},"west":{"uv":[4.251,1.251,10.749,1.499],"texture":"#texture"},"east":{"uv":[10.749,1.251,4.251,1.499],"texture":"#texture"}}},{"from":[7.5,8.25,4.75],"to":[8,8.75,5.25],"faces":{"down":{"uv":[5.249,7.751,4.751,8.249],"rotation":90,"texture":"#texture"},"north":{"uv":[3.001,3.251,3.499,3.749],"texture":"#texture"},"south":{"uv":[3.001,3.751,3.499,4.249],"texture":"#texture"},"west":{"uv":[4.751,2.251,5.1865,2.6865],"texture":"#texture"},"east":{"uv":[4.751,2.251,5.1865,2.6865],"texture":"#texture"}}},{"from":[7.625,8,5.25],"to":[7.875,8.5,5.75],"faces":{"down":{"uv":[3.501,4.251,3.6865,4.6865],"rotation":90,"texture":"#texture"},"north":{"uv":[3.001,4.251,3.1865,4.6865],"texture":"#texture"},"south":{"uv":[3.251,4.251,3.4365,4.6865],"texture":"#texture"},"west":{"uv":[5.251,2.501,5.6865,2.9365],"texture":"#texture"},"east":{"uv":[5.251,2.501,5.6865,2.9365],"texture":"#texture"}}},{"from":[7.5,9.375,10.75],"to":[8,9.75,12.25],"faces":{"west":{"uv":[10.752,1.252,12.248,1.498],"texture":"#texture"},"east":{"uv":[12.248,1.252,10.752,1.498],"texture":"#texture"}}},{"from":[7.25,8.75,9.5],"to":[8.25,9.5,10.75],"faces":{"down":{"uv":[10.749,7.501,9.501,8.499],"rotation":90,"texture":"#texture"},"south":{"uv":[14.751,10.001,15.749,10.749],"texture":"#texture"},"west":{"uv":[9.501,1.501,10.6865,2.1865],"texture":"#texture"},"east":{"uv":[10.6865,1.501,9.501,2.1865],"texture":"#texture"}}},{"from":[7.25,9,10.75],"to":[8.25,9.5,12.25],"faces":{"down":{"uv":[12.249,7.501,10.751,8.499],"rotation":90,"texture":"#texture"},"up":{"uv":[10.751,6.001,12.249,6.999],"rotation":90,"texture":"#texture"},"south":{"uv":[14.751,10.001,15.749,10.499],"texture":"#texture"},"west":{"uv":[10.751,1.501,12.1865,1.9365],"texture":"#texture"},"east":{"uv":[12.1865,1.501,10.751,1.9365],"texture":"#texture"}}},{"from":[7.5,9,12.25],"to":[8,10.25,12.5],"faces":{"down":{"uv":[12.251,7.751,12.499,8.249],"rotation":90,"texture":"#texture"},"up":{"uv":[12.251,6.251,12.499,6.749],"rotation":90,"texture":"#texture"},"north":{"uv":[13.251,9.251,13.749,10.499],"texture":"#texture"},"south":{"uv":[15.001,9.251,15.499,10.499],"texture":"#texture"},"west":{"uv":[12.251,0.751,12.4365,1.9365],"texture":"#texture"},"east":{"uv":[12.251,0.751,12.4365,1.9365],"texture":"#texture"}}},{"from":[7.625,9.75,12.5],"to":[7.875,10.25,13.5],"faces":{"down":{"uv":[13.4365,7.751,12.501,7.9365],"rotation":90,"texture":"#texture"},"up":{"uv":[12.501,6.251,13.4365,6.4365],"rotation":90,"texture":"#texture"},"south":{"uv":[15.251,9.251,15.4365,9.6865],"texture":"#texture"},"west":{"uv":[12.501,0.751,13.249,1.249],"texture":"#texture"},"east":{"uv":[13.249,0.751,12.501,1.249],"texture":"#texture"}}},{"from":[7.625,9.25,12.5],"to":[7.875,9.5,15],"faces":{"down":{"uv":[14.999,7.751,12.501,7.999],"rotation":90,"texture":"#texture"},"up":{"uv":[12.501,6.251,14.999,6.499],"rotation":90,"texture":"#texture"},"south":{"uv":[15.001,10.001,15.249,10.499],"texture":"#texture"},"west":{"uv":[12.501,1.501,14.999,1.749],"texture":"#texture"},"east":{"uv":[14.999,1.501,12.501,1.749],"texture":"#texture"}}},{"from":[7.65,8.875,13.3125],"to":[7.86,10.0625,13.5625],"rotation":{"origin":[7.625,10.0625,13.3125],"axis":"x","angle":-45 },"faces":{"down":{"uv":[15.251,9.751,15.4365,9.9365],"texture":"#texture"},"up":{"uv":[14.001,1.501,14.1865,1.6865],"texture":"#texture"},"north":{"uv":[15.501,2.251,15.6865,3.4365],"texture":"#texture"},"south":{"uv":[15.501,2.251,15.6865,3.4365],"texture":"#texture"},"west":{"uv":[15.501,2.251,15.6865,3.4365],"texture":"#texture"},"east":{"uv":[15.501,2.251,15.6865,3.4365],"texture":"#texture"}}},{"from":[7.625,6.75,4.5],"to":[7.875,8,5.25],"faces":{"down":{"uv":[5.248,4.752,4.502,4.998],"rotation":90,"texture":"#texture"},"north":{"uv":[2.502,3.502,2.748,4.748],"texture":"#texture"},"south":{"uv":[2.752,3.502,2.998,4.748],"texture":"#texture"},"west":{"uv":[4.502,3.002,5.248,4.248],"texture":"#texture"},"east":{"uv":[5.248,3.002,4.502,4.248],"texture":"#texture"}}},{"from":[7.625,7,4.25],"to":[7.875,7.5,4.5],"faces":{"down":{"uv":[4.252,4.752,4.498,4.998],"texture":"#texture"},"up":{"uv":[4.252,4.502,4.498,4.748],"texture":"#texture"},"north":{"uv":[2.502,4.002,2.748,4.498],"texture":"#texture"},"west":{"uv":[4.252,3.502,4.498,3.998],"texture":"#texture"},"east":{"uv":[4.252,3.502,4.498,3.998],"texture":"#texture"}}},{"from":[7.625,7.5,5.25],"to":[7.875,8,5.5],"faces":{"down":{"uv":[5.252,4.752,5.498,4.998],"texture":"#texture"},"south":{"uv":[2.752,3.502,2.998,3.998],"texture":"#texture"},"west":{"uv":[5.252,3.002,5.498,3.498],"texture":"#texture"},"east":{"uv":[5.252,3.002,5.498,3.498],"texture":"#texture"}}},{"from":[7.625,7.75,7.25],"to":[7.875,8.75,8.5],"faces":{"down":{"uv":[12.498,3.002,11.252,3.248],"rotation":90,"texture":"#texture"},"north":{"uv":[10.502,2.252,10.748,3.248],"texture":"#texture"},"south":{"uv":[10.752,2.252,10.998,3.248],"texture":"#texture"},"west":{"uv":[7.252,2.252,8.498,3.248],"texture":"#texture"},"east":{"uv":[8.498,2.252,7.252,3.248],"texture":"#texture"}}},{"from":[7.625,7.75,8.5],"to":[7.875,8,8.75],"faces":{"up":{"uv":[12.502,2.752,12.748,2.998],"texture":"#texture"},"south":{"uv":[10.752,3.002,10.998,3.248],"texture":"#texture"},"west":{"uv":[8.502,3.002,8.748,3.248],"texture":"#texture"},"east":{"uv":[8.502,3.002,8.748,3.248],"texture":"#texture"}}},{"from":[7.625,7.25,7.5],"to":[7.875,7.75,8.75],"faces":{"down":{"uv":[12.748,3.002,11.502,3.248],"texture":"#texture"},"up":{"uv":[11.502,2.752,12.748,2.998],"texture":"#texture"},"north":{"uv":[10.502,3.252,10.748,3.748],"texture":"#texture"},"south":{"uv":[10.752,3.252,10.998,3.748],"texture":"#texture"},"west":{"uv":[7.502,3.252,8.748,3.748],"texture":"#texture"},"east":{"uv":[8.748,3.252,7.502,3.748],"texture":"#texture"}}},{"from":[7.625,7.25,8.75],"to":[7.875,7.5,9],"faces":{"up":{"uv":[12.752,2.752,12.998,2.998],"texture":"#texture"},"south":{"uv":[10.752,3.502,10.998,3.748],"texture":"#texture"},"west":{"uv":[8.752,3.502,8.998,3.748],"texture":"#texture"},"east":{"uv":[8.752,3.502,8.998,3.748],"texture":"#texture"}}},{"from":[7.625,6.75,7.75],"to":[7.875,7.25,9.25],"faces":{"down":{"uv":[13.248,3.002,11.752,3.248],"rotation":90,"texture":"#texture"},"up":{"uv":[11.752,2.752,13.248,2.998],"rotation":90,"texture":"#texture"},"north":{"uv":[10.502,3.752,10.748,4.248],"texture":"#texture"},"south":{"uv":[10.752,3.752,10.998,4.248],"texture":"#texture"},"west":{"uv":[7.752,3.752,9.248,4.248],"texture":"#texture"},"east":{"uv":[9.248,3.752,7.752,4.248],"texture":"#texture"}}},{"from":[7.625,6.75,9.25],"to":[7.875,7,9.5],"faces":{"up":{"uv":[13.252,2.752,13.498,2.998],"texture":"#texture"},"south":{"uv":[10.752,4.002,10.998,4.248],"texture":"#texture"},"west":{"uv":[9.252,4.002,9.498,4.248],"texture":"#texture"},"east":{"uv":[9.252,4.002,9.498,4.248],"texture":"#texture"}}},{"from":[7.625,6.25,8.25],"to":[7.875,6.75,9.75],"faces":{"down":{"uv":[13.748,3.002,12.252,3.248],"rotation":90,"texture":"#texture"},"up":{"uv":[12.252,2.752,13.748,2.998],"rotation":90,"texture":"#texture"},"north":{"uv":[10.502,4.252,10.748,4.748],"texture":"#texture"},"south":{"uv":[10.752,4.252,10.998,4.748],"texture":"#texture"},"west":{"uv":[8.252,4.252,9.748,4.748],"texture":"#texture"},"east":{"uv":[9.748,4.252,8.252,4.748],"texture":"#texture"}}},{"from":[7.625,6.5,8],"to":[7.875,6.75,8.25],"faces":{"down":{"uv":[12.002,3.002,12.248,3.248],"texture":"#texture"},"north":{"uv":[10.502,4.252,10.748,4.498],"texture":"#texture"},"west":{"uv":[8.002,4.252,8.248,4.498],"texture":"#texture"},"east":{"uv":[8.002,4.252,8.248,4.498],"texture":"#texture"}}},{"from":[7.625,5.75,8.75],"to":[7.875,6.25,9.5],"faces":{"down":{"uv":[12.752,3.002,13.498,3.248],"rotation":90,"texture":"#texture"},"north":{"uv":[10.502,4.752,10.748,5.248],"texture":"#texture"},"south":{"uv":[10.752,4.752,10.998,5.248],"texture":"#texture"},"west":{"uv":[8.752,4.752,9.498,5.248],"texture":"#texture"},"east":{"uv":[9.498,4.752,8.752,5.248],"texture":"#texture"}}},{"from":[7.625,6,8.5],"to":[7.875,6.25,8.75],"faces":{"down":{"uv":[12.752,3.002,12.998,3.248],"texture":"#texture"},"north":{"uv":[10.502,4.752,10.748,4.998],"texture":"#texture"},"west":{"uv":[8.502,4.752,8.748,4.998],"texture":"#texture"},"east":{"uv":[8.502,4.752,8.748,4.998],"texture":"#texture"}}},{"from":[7.625,5.5,9],"to":[7.875,5.75,9.25],"faces":{"down":{"uv":[13.002,3.002,13.248,3.248],"texture":"#texture"},"north":{"uv":[10.502,5.252,10.748,5.498],"texture":"#texture"},"south":{"uv":[10.752,5.252,10.998,5.498],"texture":"#texture"},"west":{"uv":[9.002,5.252,9.248,5.498],"texture":"#texture"},"east":{"uv":[9.002,5.252,9.248,5.498],"texture":"#texture"}}},{"from":[7.625,8,4.75],"to":[7.875,8.25,5.25],"faces":{"north":{"uv":[2.502,3.252,2.748,3.498],"texture":"#texture"},"west":{"uv":[4.752,2.752,5.248,2.998],"texture":"#texture"},"east":{"uv":[5.248,2.752,4.752,2.998],"texture":"#texture"}}}],"display":{"thirdperson_righthand":{"rotation":[0,180,0],"translation":[0,0,-1],"scale":[1.4,1.4,1.4 ]},"ground":{"scale":[2,2,2 ]},"fixed":{"rotation":[90,135,-90],"translation":[1,0,-0.5],"scale":[1.6,1.6,1.6]},"ground":{"scale":[2,2,2 ]},"head":{"scale":[2,2,2 ]},"fixed":{"rotation":[90,135,-90],"translation":[1,0,-0.5],"scale":[1.6,1.6,1.6]},"firstperson_righthand":{"rotation":[3,173,0],"translation":[-0.5,0,0],"scale":[1.7,1.7,1.7 ]},"gui":{"rotation":[90,-135,90],"translation":[-1.5,-0.5,0],"scale":[1.2,1.2,1.2 ]}}}