{"ambientocclusion":false,"elements":[{"from":[7,9,0],"to":[8,10,0.25],"faces":{"down":{"uv":[0.249,7.001,0.001,7.999],"rotation":90,"texture":"#texture"},"up":{"uv":[0.001,5.001,0.249,5.999],"rotation":90,"texture":"#texture"},"north":{"uv":[6.501,12.251,7.499,13.249],"texture":"#texture"},"west":{"uv":[0.001,1.001,0.249,1.999],"texture":"#texture"},"east":{"uv":[0.249,1.001,0.001,1.999],"texture":"#texture"}}},{"from":[7,8,0.25],"to":[8,10,1],"faces":{"down":{"uv":[0.999,7.001,0.251,7.999],"rotation":90,"texture":"#texture"},"up":{"uv":[0.251,5.001,0.999,5.999],"rotation":90,"texture":"#texture"},"north":{"uv":[6.501,12.251,7.499,14.249],"texture":"#texture"},"south":{"uv":[9.001,12.251,9.999,14.249],"texture":"#texture"},"west":{"uv":[0.251,1.001,0.999,2.999],"texture":"#texture"},"east":{"uv":[0.999,1.001,0.251,2.999],"texture":"#texture"}}},{"from":[7,8.25,1],"to":[8,10,1.75],"faces":{"down":{"uv":[1.749,7.001,1.001,7.999],"rotation":90,"texture":"#texture"},"up":{"uv":[1.001,5.001,1.749,5.999],"rotation":90,"texture":"#texture"},"south":{"uv":[9.001,12.251,9.999,13.999],"texture":"#texture"},"west":{"uv":[1.001,1.001,1.749,2.749],"texture":"#texture"},"east":{"uv":[1.749,1.001,1.001,2.749],"texture":"#texture"}}},{"from":[7,8.5,1.75],"to":[8,10,2.5],"faces":{"down":{"uv":[2.499,7.001,1.751,7.999],"rotation":90,"texture":"#texture"},"up":{"uv":[1.751,5.001,2.499,5.999],"rotation":90,"texture":"#texture"},"south":{"uv":[9.001,12.251,9.999,13.749],"texture":"#texture"},"west":{"uv":[1.751,1.001,2.499,2.499],"texture":"#texture"},"east":{"uv":[2.499,1.001,1.751,2.499],"texture":"#texture"}}},{"from":[7,8.75,2.5],"to":[8,10,3.25],"faces":{"down":{"uv":[3.249,7.001,2.501,7.999],"rotation":90,"texture":"#texture"},"south":{"uv":[9.001,12.251,9.999,13.499],"texture":"#texture"},"west":{"uv":[2.501,1.001,3.249,2.249],"texture":"#texture"},"east":{"uv":[3.249,1.001,2.501,2.249],"texture":"#texture"}}},{"from":[7,9,3.25],"to":[8,10,3.75],"faces":{"down":{"uv":[3.749,5.001,3.251,5.999],"rotation":90,"texture":"#texture"},"south":{"uv":[9.001,12.001,9.999,12.999],"texture":"#texture"},"west":{"uv":[3.251,1.001,3.749,1.999],"texture":"#texture"},"east":{"uv":[3.749,1.001,3.251,1.999],"texture":"#texture"}}},{"from":[7,10,2.25],"to":[8,10.25,4.75],"faces":{"down":{"uv":[4.749,7.001,2.251,7.999],"rotation":90,"texture":"#texture"},"up":{"uv":[2.251,5.001,4.749,5.999],"rotation":90,"texture":"#texture"},"north":{"uv":[6.501,12.001,7.499,12.249],"texture":"#texture"},"west":{"uv":[2.251,0.751,4.749,0.999],"texture":"#texture"},"east":{"uv":[4.749,0.999,2.251,0.751],"texture":"#texture"}}},{"from":[7,9.25,3.75],"to":[8,10,4],"faces":{"down":{"uv":[3.751,5.001,3.999,5.999],"rotation":90,"texture":"#texture"},"south":{"uv":[9.001,12.251,9.999,12.999],"texture":"#texture"},"west":{"uv":[3.751,1.001,3.999,1.749],"texture":"#texture"},"east":{"uv":[3.999,1.001,3.751,1.749],"texture":"#texture"}}},{"from":[7,9.5,4],"to":[8,10,4.75],"faces":{"down":{"uv":[4.001,7.001,4.749,7.999],"rotation":90,"texture":"#texture"},"west":{"uv":[4.001,1.001,4.749,1.499],"texture":"#texture"},"east":{"uv":[4.749,1.001,4.001,1.499],"texture":"#texture"}}},{"from":[7.25,8.25,4],"to":[7.75,9.5,4.75],"faces":{"down":{"uv":[4.749,4.251,4.001,4.749],"rotation":90,"texture":"#texture"},"north":{"uv":[7.001,2.251,7.499,3.499],"texture":"#texture"},"south":{"uv":[7.501,2.001,7.999,3.249],"texture":"#texture"},"west":{"uv":[4.001,1.501,4.749,2.749],"texture":"#texture"},"east":{"uv":[4.749,1.501,4.001,2.749],"texture":"#texture"}}},{"from":[7.25,7.5,3.75],"to":[7.75,8.25,4.5],"faces":{"down":{"uv":[4.499,4.251,3.751,4.749],"rotation":90,"texture":"#texture"},"up":{"uv":[3.751,3.751,4.499,4.249],"rotation":90,"texture":"#texture"},"north":{"uv":[7.001,3.001,7.499,3.749],"texture":"#texture"},"south":{"uv":[7.501,3.001,7.999,3.749],"texture":"#texture"},"west":{"uv":[3.751,2.751,4.499,3.499],"texture":"#texture"},"east":{"uv":[4.499,2.751,3.751,3.499],"texture":"#texture"}}},{"from":[7.25,8.75,4.75],"to":[7.75,9.25,5],"faces":{"down":{"uv":[4.751,4.251,4.999,4.749],"rotation":90,"texture":"#texture"},"south":{"uv":[7.501,2.001,7.999,2.499],"texture":"#texture"},"west":{"uv":[4.751,1.751,4.999,2.249],"texture":"#texture"},"east":{"uv":[4.751,1.751,4.999,2.249],"texture":"#texture"}}},{"from":[7.25,9,3.75],"to":[7.75,9.25,4],"faces":{"down":{"uv":[3.501,4.251,3.749,4.749],"rotation":90,"texture":"#texture"},"west":{"uv":[3.751,1.751,3.999,1.999],"texture":"#texture"},"east":{"uv":[3.751,1.999,3.999,1.751],"texture":"#texture"}}},{"from":[7.25,8.25,3.75],"to":[7.75,8.5,4],"faces":{"up":{"uv":[3.751,3.751,3.999,4.249],"rotation":90,"texture":"#texture"},"north":{"uv":[7.001,2.501,7.499,2.749],"texture":"#texture"},"west":{"uv":[3.751,2.501,3.999,2.749],"texture":"#texture"},"east":{"uv":[3.751,2.749,3.999,2.501],"texture":"#texture"}}},{"from":[7.25,7.75,3.5],"to":[7.75,8,3.75],"faces":{"down":{"uv":[3.501,4.251,3.749,4.749],"rotation":90,"texture":"#texture"},"up":{"uv":[3.501,3.751,3.749,4.249],"rotation":90,"texture":"#texture"},"north":{"uv":[7.001,3.001,7.499,3.249],"texture":"#texture"},"west":{"uv":[3.501,3.001,3.749,3.249],"texture":"#texture"},"east":{"uv":[3.501,3.001,3.749,3.249],"texture":"#texture"}}},{"from":[7,9.25,5],"to":[8,10,8.5],"faces":{"down":{"uv":[8.749,7.001,5.001,7.999],"rotation":90,"texture":"#texture"},"up":{"uv":[5.001,5.001,8.749,5.999],"rotation":90,"texture":"#texture"},"south":{"uv":[9.001,12.001,9.999,12.749],"texture":"#texture"},"west":{"uv":[5.001,1.001,8.749,1.749],"texture":"#texture"},"east":{"uv":[8.749,1.001,5.001,1.749],"texture":"#texture"}}},{"from":[7,10,5],"to":[8,10.5,8],"faces":{"up":{"uv":[5.001,5.001,8.249,5.999],"rotation":90,"texture":"#texture"},"north":{"uv":[6.501,11.501,7.499,11.999],"texture":"#texture"},"south":{"uv":[9.001,11.501,9.999,11.999],"texture":"#texture"},"west":{"uv":[5.001,0.501,8.249,0.999],"texture":"#texture"},"east":{"uv":[8.249,0.501,5.001,0.999],"texture":"#texture"}}},{"from":[7,9.25,4.75],"to":[8,10.25,5],"faces":{"down":{"uv":[4.751,7.001,4.999,7.999],"rotation":90,"texture":"#texture"},"up":{"uv":[4.751,5.001,4.999,5.999],"rotation":90,"texture":"#texture"},"north":{"uv":[6.501,11.501,7.499,12.499],"texture":"#texture"},"south":{"uv":[9.001,11.501,9.999,12.499],"texture":"#texture"},"west":{"uv":[4.751,0.751,4.999,1.749],"texture":"#texture"},"east":{"uv":[4.999,0.751,4.751,1.749],"texture":"#texture"}}},{"from":[7.25,10,8],"to":[7.75,10.5,15.5],"faces":{"down":{"uv":[8.251,5.251,15.749,5.749],"rotation":90,"texture":"#texture"},"up":{"uv":[8.251,5.251,15.749,5.749],"rotation":90,"texture":"#texture"},"south":{"uv":[12.251,11.251,12.749,11.749],"texture":"#texture"},"west":{"uv":[8.251,0.501,15.749,0.999],"texture":"#texture"},"east":{"uv":[15.749,0.501,8.251,0.999],"texture":"#texture"}}},{"from":[7.25,9.25,8.5],"to":[7.75,9.75,15.5],"faces":{"down":{"uv":[15.749,7.251,8.751,7.749],"rotation":90,"texture":"#texture"},"up":{"uv":[8.751,5.251,15.749,5.749],"texture":"#texture"},"south":{"uv":[12.251,12.251,12.749,12.749],"texture":"#texture"},"west":{"uv":[8.751,1.251,15.749,1.749],"texture":"#texture"},"east":{"uv":[15.749,1.251,8.751,1.749],"texture":"#texture"}}},{"from":[7,9,8.75],"to":[8,10,12],"faces":{"down":{"uv":[12.249,7.001,9.001,7.999],"rotation":90,"texture":"#texture"},"up":{"uv":[9.001,5.001,12.249,5.999],"rotation":90,"texture":"#texture"},"north":{"uv":[12.001,11.001,12.999,11.999],"texture":"#texture"},"south":{"uv":[12.001,12.001,12.999,12.999],"texture":"#texture"},"west":{"uv":[9.001,1.001,12.249,1.999],"texture":"#texture"},"east":{"uv":[12.249,1.001,9.001,1.999],"texture":"#texture"}}},{"from":[7,10.5,5.25],"to":[7.25,11,5.75],"faces":{"up":{"uv":[5.251,5.751,5.749,5.999],"rotation":90,"texture":"#texture"},"north":{"uv":[7.251,11.001,7.499,11.499],"texture":"#texture"},"south":{"uv":[9.751,11.001,9.999,11.499],"texture":"#texture"},"west":{"uv":[14.251,2.501,14.749,2.999],"texture":"#texture"},"east":{"uv":[14.251,2.501,14.749,2.999],"texture":"#texture"}}},{"from":[7.75,10.5,5.25],"to":[8,11,5.75],"faces":{"up":{"uv":[5.251,5.001,5.749,5.249],"rotation":90,"texture":"#texture"},"north":{"uv":[6.501,11.001,6.749,11.499],"texture":"#texture"},"south":{"uv":[9.001,11.001,9.249,11.499],"texture":"#texture"},"west":{"uv":[13.751,2.501,14.249,2.999],"texture":"#texture"},"east":{"uv":[13.751,2.501,14.249,2.999],"texture":"#texture"}}},{"from":[7.25,10.5,15],"to":[7.75,10.75,15.25],"faces":{"up":{"uv":[15.251,2.501,15.499,2.999],"texture":"#texture"},"north":{"uv":[6.751,11.251,7.249,11.499],"texture":"#texture"},"south":{"uv":[9.251,11.499,9.749,11.249],"texture":"#texture"},"west":{"uv":[15.251,0.251,15.499,0.499],"texture":"#texture"},"east":{"uv":[15.251,0.251,15.499,0.499],"texture":"#texture"}}},{"from":[7.25,10.5,5.75],"to":[7.75,10.75,7.5],"faces":{"down":{"uv":[11.999,3.499,10.001,3.001],"texture":"#texture"},"up":{"uv":[11.999,3.001,10.001,3.499],"rotation":90,"texture":"#texture"},"north":{"uv":[9.749,11.251,9.251,11.499],"texture":"#texture"},"south":{"uv":[6.751,11.251,7.249,11.499],"texture":"#texture"},"west":{"uv":[5.751,0.251,7.749,0.499],"texture":"#texture"},"east":{"uv":[5.751,0.251,7.749,0.499],"texture":"#texture"}}}],"display":{"thirdperson_righthand":{"rotation":[0,180,0],"translation":[-2,-0.75,-2],"scale":[1.4,1.4,1.4 ]},"ground":{"scale":[2,2,2 ]},"head":{"scale":[2,2,2 ]},"firstperson_righthand":{"rotation":[5,177,0],"translation":[-5.5,0,0],"scale":[1.5,1.5,1.5 ]},"gui":{"rotation":[90,-135,90],"translation":[-1.5,-0.5,0],"scale":[1.2,1.2,1.2 ]}}}