{"elements":[{"from":[7.5,8,0.25],"to":[8.25,9.5,0.5],"faces":{"down":{"uv":[0.251,7.501,0.499,8.249],"rotation":90,"texture":"#texture"},"up":{"uv":[0.251,5.501,0.499,6.249],"rotation":90,"texture":"#texture"},"north":{"uv":[9.001,12.001,9.749,13.499],"texture":"#texture","cullface":"north"},"west":{"uv":[0.251,1.001,0.499,2.499],"texture":"#texture"},"east":{"uv":[0.251,1.001,0.499,2.499],"texture":"#texture"}}},{"from":[7.5,7.5,0.5],"to":[8.25,9.5,1.25],"faces":{"down":{"uv":[1.249,7.501,0.501,8.249],"rotation":90,"texture":"#texture"},"up":{"uv":[0.501,5.501,1.249,6.249],"rotation":90,"texture":"#texture"},"north":{"uv":[9.001,12.001,9.749,13.999],"texture":"#texture"},"south":{"uv":[7.751,12.001,8.499,13.999],"texture":"#texture"},"west":{"uv":[0.501,1.001,1.249,2.999],"texture":"#texture"},"east":{"uv":[1.249,1.001,0.501,2.999],"texture":"#texture"}}},{"from":[7.5,7.75,1.25],"to":[8.25,9.5,2],"faces":{"down":{"uv":[1.999,7.501,1.251,8.249],"rotation":90,"texture":"#texture"},"up":{"uv":[1.251,5.501,1.999,6.249],"rotation":90,"texture":"#texture"},"south":{"uv":[7.751,12.001,8.499,13.749],"texture":"#texture"},"west":{"uv":[1.251,1.001,1.999,2.749],"texture":"#texture"},"east":{"uv":[1.999,1.001,1.251,2.749],"texture":"#texture"}}},{"from":[7.5,8,2],"to":[8.25,9.5,2.75],"faces":{"down":{"uv":[2.749,7.501,2.001,8.249],"rotation":90,"texture":"#texture"},"up":{"uv":[2.001,5.501,2.749,6.249],"rotation":90,"texture":"#texture"},"south":{"uv":[7.751,12.001,8.499,13.499],"texture":"#texture"},"west":{"uv":[2.001,1.001,2.749,2.499],"texture":"#texture"},"east":{"uv":[2.749,1.001,2.001,2.499],"texture":"#texture"}}},{"from":[7.5,8.25,2.75],"to":[8.25,9.5,3.5],"faces":{"down":{"uv":[3.499,7.501,2.751,8.249],"rotation":90,"texture":"#texture"},"up":{"uv":[2.751,5.501,3.499,6.249],"rotation":90,"texture":"#texture"},"south":{"uv":[7.751,12.001,8.499,13.249],"texture":"#texture"},"west":{"uv":[2.751,1.001,3.499,2.249],"texture":"#texture"},"east":{"uv":[3.4365,1.001,2.6885,2.249],"texture":"#texture"}}},{"from":[7.5,8.5,3.5],"to":[8.25,9.5,4.5],"faces":{"down":{"uv":[4.499,7.501,3.501,8.249],"rotation":90,"texture":"#texture"},"up":{"uv":[3.501,5.501,4.499,6.249],"rotation":90,"texture":"#texture"},"west":{"uv":[3.501,1.001,4.499,1.999],"texture":"#texture"},"east":{"uv":[4.4365,1.001,3.4385,1.999],"texture":"#texture"}}},{"from":[7.5,8.25,4.75],"to":[8.25,8.5,6.25],"faces":{"down":{"uv":[6.1865,7.501,4.751,8.1865],"rotation":90,"texture":"#texture"},"north":{"uv":[9.001,12.751,9.6865,12.9365],"texture":"#texture"},"west":{"uv":[4.751,2.001,6.249,2.249],"texture":"#texture"},"east":{"uv":[6.1865,2.001,4.751,2.1865],"texture":"#texture"}}},{"from":[7.5,8.5,4.5],"to":[8.25,9.5,7.5],"faces":{"down":{"uv":[7.499,7.501,4.751,8.249],"rotation":270,"texture":"#texture"},"up":{"uv":[4.501,5.501,7.499,6.249],"rotation":90,"texture":"#texture"},"south":{"uv":[13.001,12.001,13.749,12.999],"texture":"#texture"},"west":{"uv":[4.501,1.001,7.499,1.999],"texture":"#texture"},"east":{"uv":[7.249,1.001,4.501,1.999],"texture":"#texture"}}},{"from":[7.5,8,6.25],"to":[8.25,8.5,7.5],"faces":{"down":{"uv":[7.499,7.501,6.251,8.249],"rotation":90,"texture":"#texture"},"north":{"uv":[9.001,13.251,9.749,13.749],"texture":"#texture"},"south":{"uv":[13.001,13.251,13.749,13.749],"texture":"#texture"},"west":{"uv":[6.251,2.001,7.499,2.499],"texture":"#texture"},"east":{"uv":[7.499,2.001,6.251,2.499],"texture":"#texture"}}},{"from":[7.5,8.75,7.5],"to":[8.25,9.5,7.75],"faces":{"down":{"uv":[7.501,8.249,7.749,7.501],"rotation":90,"texture":"#texture"},"up":{"uv":[7.501,5.501,7.749,6.249],"rotation":90,"texture":"#texture"},"west":{"uv":[7.501,1.001,7.749,1.749],"texture":"#texture"},"east":{"uv":[7.501,1.001,7.749,1.749],"texture":"#texture"}}},{"from":[7.5,8.5,7.75],"to":[8.25,9.75,12.5],"faces":{"down":{"uv":[12.498,7.502,7.752,8.248],"rotation":90,"texture":"#texture"},"up":{"uv":[7.752,5.502,12.498,6.248],"rotation":90,"texture":"#texture"},"north":{"uv":[9.00202,11.752,9.748,12.998],"texture":"#texture"},"south":{"uv":[13.002,11.752,13.748,12.998],"texture":"#texture"},"west":{"uv":[7.752,0.752,12.498,1.998],"texture":"#texture"},"east":{"uv":[12.498,0.752,7.752,1.998],"texture":"#texture"}}},{"from":[7.5,9.5,4.75],"to":[8.25,10,5.25],"faces":{"up":{"uv":[1.501,11.501,1.999,12.249],"rotation":90,"texture":"#texture"},"north":{"uv":[8.251,10.751,8.999,11.249],"texture":"#texture"},"south":{"uv":[9.001,10.751,9.749,11.249],"texture":"#texture"},"west":{"uv":[4.751,0.501,5.249,0.999],"texture":"#texture"},"east":{"uv":[5.249,0.501,4.751,0.999],"texture":"#texture"}}},{"from":[7.5,10,5],"to":[8.25,10.25,7],"faces":{"down":{"uv":[3.749,13.001,1.751,13.749],"rotation":270,"texture":"#texture"},"up":{"uv":[1.751,11.501,3.749,12.249],"rotation":90,"texture":"#texture"},"north":{"uv":[9.001,10.501,9.749,10.749],"texture":"#texture"},"south":{"uv":[13.001,10.749,13.749,10.501],"texture":"#texture"},"west":{"uv":[5.001,0.251,6.999,0.499],"texture":"#texture"},"east":{"uv":[6.999,0.251,5.001,0.499],"texture":"#texture"}}},{"from":[7.5,9.5,7],"to":[8.25,10,7.25],"faces":{"up":{"uv":[3.751,11.501,3.999,12.249],"texture":"#texture"},"north":{"uv":[13.001,10.751,13.749,11.249],"texture":"#texture"},"south":{"uv":[12.251,10.751,12.999,11.249],"texture":"#texture"},"west":{"uv":[7.001,0.501,7.249,0.999],"texture":"#texture"},"east":{"uv":[7.001,0.501,7.249,0.999],"texture":"#texture"}}},{"from":[7.5,9.5,7.25],"to":[8.25,9.75,7.5],"faces":{"up":{"uv":[4.001,11.501,4.249,12.249],"rotation":90,"texture":"#texture"},"south":{"uv":[12.251,11.001,12.999,11.249],"texture":"#texture"},"west":{"uv":[7.251,0.751,7.499,0.999],"texture":"#texture"},"east":{"uv":[7.499,0.999,7.3135,0.8135],"texture":"#texture"}}},{"from":[7.5,9.5,4.5],"to":[8.25,9.75,4.75],"faces":{"up":{"uv":[1.251,11.501,1.499,12.249],"rotation":90,"texture":"#texture"},"north":{"uv":[8.251,11.001,8.999,11.249],"texture":"#texture"},"west":{"uv":[4.501,0.751,4.749,0.999],"texture":"#texture"},"east":{"uv":[4.501,0.999,4.749,0.751],"texture":"#texture"}}},{"from":[7.5,9.75,5.25],"to":[8.25,10,5.5],"faces":{"down":{"uv":[2.001,13.001,2.249,13.749],"rotation":90,"texture":"#texture"},"south":{"uv":[8.251,10.751,8.999,10.999],"texture":"#texture"},"west":{"uv":[5.251,0.501,5.499,0.749],"texture":"#texture"},"east":{"uv":[5.251,0.501,5.499,0.749],"texture":"#texture"}}},{"from":[7.5,9.75,6.75],"to":[8.25,10,7],"faces":{"down":{"uv":[3.501,13.001,3.749,13.749],"rotation":90,"texture":"#texture"},"north":{"uv":[12.251,10.751,12.999,10.999],"texture":"#texture"},"west":{"uv":[6.751,0.501,6.999,0.749],"texture":"#texture"},"east":{"uv":[6.999,0.501,6.8135,0.675],"texture":"#texture"}}},{"from":[7.5,7.5,4.75],"to":[8.25,8.25,5.5],"faces":{"down":{"uv":[2.999,15.001,2.251,15.749],"rotation":90,"texture":"#texture"},"north":{"uv":[5.251,14.001,5.9365,14.6865],"texture":"#texture"},"south":{"uv":[4.501,14.001,5.1865,14.6865],"texture":"#texture"},"west":{"uv":[4.751,2.251,5.499,2.999],"texture":"#texture"},"east":{"uv":[5.499,2.251,4.751,2.999],"texture":"#texture"}}},{"from":[7.5,6.75,4.5],"to":[8.25,7.5,5],"faces":{"down":{"uv":[2.4365,15.001,1.9385,15.749],"rotation":90,"texture":"#texture"},"up":{"uv":[2.001,14.001,2.499,14.749],"rotation":90,"texture":"#texture"},"north":{"uv":[5.251,14.751,5.9365,15.4365],"texture":"#texture"},"south":{"uv":[4.501,14.751,5.1865,15.4365],"texture":"#texture"},"west":{"uv":[4.501,3.001,4.999,3.749],"texture":"#texture"},"east":{"uv":[4.999,3.001,4.501,3.749],"texture":"#texture"}}},{"from":[7.5,7,5],"to":[8.25,7.5,5.25],"faces":{"down":{"uv":[2.501,15.001,2.749,15.749],"rotation":90,"texture":"#texture"},"south":{"uv":[4.501,14.751,5.1865,15.1865],"texture":"#texture"},"west":{"uv":[5.001,3.001,5.249,3.499],"texture":"#texture"},"east":{"uv":[5.001,3.001,5.249,3.499],"texture":"#texture"}}},{"from":[7.5,7,4.25],"to":[8.25,7.25,4.5],"faces":{"down":{"uv":[1.999,15.001,1.751,15.749],"rotation":90,"texture":"#texture"},"up":{"uv":[1.751,14.001,1.999,14.749],"rotation":90,"texture":"#texture"},"north":{"uv":[5.251,15.001,5.9365,15.1865],"texture":"#texture"},"west":{"uv":[4.251,3.251,4.499,3.499],"texture":"#texture"},"east":{"uv":[4.499,3.251,4.251,3.499],"texture":"#texture"}}},{"from":[7.75,9,12.75],"to":[8,9.25,15.75],"faces":{"down":{"uv":[12.751,7.751,15.6865,7.9365],"rotation":270,"texture":"#texture"},"up":{"uv":[12.751,5.751,15.6865,5.9365],"rotation":90,"texture":"#texture"},"south":{"uv":[13.251,12.251,13.4365,12.4365],"texture":"#texture"},"west":{"uv":[12.751,1.251,15.6865,1.4365],"texture":"#texture"},"east":{"uv":[15.6865,1.251,12.751,1.4365],"texture":"#texture"}}},{"from":[7.5,8.75,12.5],"to":[8.25,9.5,12.75],"faces":{"down":{"uv":[12.502,7.502,12.748,8.248],"rotation":90,"texture":"#texture"},"up":{"uv":[12.502,5.502,12.748,6.248],"rotation":90,"texture":"#texture"},"south":{"uv":[13.002,12.002,13.748,12.748],"texture":"#texture"},"west":{"uv":[12.502,1.002,12.748,1.748],"texture":"#texture"},"east":{"uv":[12.748,1.002,12.502,1.748],"texture":"#texture"}}},{"from":[7.25,8.75,7.75],"to":[8.5,9.5,12.5],"faces":{"down":{"uv":[12.4365,8.251,7.751,8.4365],"rotation":90,"texture":"#texture"},"up":{"uv":[7.751,6.251,12.4365,6.4365],"rotation":90,"texture":"#texture"},"north":{"uv":[8.751,12.001,8.9365,12.6865],"texture":"#texture"},"south":{"uv":[12.751,12.001,12.9365,12.6865],"texture":"#texture"},"west":{"uv":[7.751,1.001,12.4365,1.6865],"texture":"#texture"},"east":{"uv":[12.499,1.001,7.751,1.749],"texture":"#texture"}}},{"from":[7.75,6.25,6.5],"to":[8,8,7.25],"faces":{"down":{"uv":[7.249,7.751,6.501,7.999],"rotation":90,"texture":"#texture"},"north":{"uv":[7.751,2.501,7.999,4.249],"texture":"#texture"},"south":{"uv":[8.249,2.501,8.0635,4.1865],"texture":"#texture"},"west":{"uv":[6.501,2.501,7.249,4.249],"texture":"#texture"},"east":{"uv":[6.501,2.501,7.249,4.249],"texture":"#texture"}}}],"display":{"thirdperson_righthand":{"rotation":[0,180,0],"translation":[1,0,-0.5],"scale":[1.4,1.4,1.4 ]},"ground":{"scale":[2,2,2 ]},"head":{"scale":[2,2,2]},"fixed":{"rotation":[90,135,-90],"translation":[1,0,-0.5],"scale":[1.6,1.6,1.6 ]},"firstperson_righthand":{"rotation":[3,173,0],"translation":[0,0.5,0],"scale":[1.8,1.8,1.8 ]},"gui":{"rotation":[90,-135,90],"translation":[-1.5,-0.5,0],"scale":[1.2,1.2,1.2 ]}}}