{"ambientocclusion":false,"elements":[{"from":[7.75,7.5,0.25],"to":[8.5,9.25,0.75],"faces":{"down":{"uv":[0.749,7.251,0.251,7.999],"rotation":90,"texture":"#texture"},"up":{"uv":[0.251,5.251,0.749,5.999],"rotation":90,"texture":"#texture"},"north":{"uv":[12.001,10.501,12.749,12.249],"texture":"#texture"},"south":{"uv":[13.001,10.501,13.749,12.249],"texture":"#texture"},"west":{"uv":[0.251,2.501,0.749,4.249],"texture":"#texture"},"east":{"uv":[0.749,2.501,0.251,4.249],"texture":"#texture"}}},{"from":[7.75,7.5,0.75],"to":[8.5,8.25,1],"faces":{"down":{"uv":[0.999,7.251,0.751,7.999],"rotation":90,"texture":"#texture"},"south":{"uv":[13.001,11.501,13.749,12.249],"texture":"#texture"},"west":{"uv":[0.751,3.501,0.999,4.249],"texture":"#texture"},"east":{"uv":[0.999,3.501,0.751,4.249],"texture":"#texture"}}},{"from":[7.75,8.25,0.75],"to":[8.5,9.5,3.5],"faces":{"down":{"uv":[3.499,7.251,0.751,7.999],"rotation":90,"texture":"#texture"},"up":{"uv":[0.751,5.251,3.499,5.999],"rotation":90,"texture":"#texture"},"north":{"uv":[12.001,10.251,12.749,11.499],"texture":"#texture"},"south":{"uv":[2.001,1.251,2.749,2.499],"texture":"#texture"},"west":{"uv":[0.751,2.251,3.499,3.499],"texture":"#texture"},"east":{"uv":[3.499,2.251,0.751,3.499],"texture":"#texture"}}},{"from":[7.75,7.75,1],"to":[8.5,8.25,1.75],"faces":{"down":{"uv":[1.749,7.251,1.001,7.999],"rotation":90,"texture":"#texture"},"south":{"uv":[13.001,11.501,13.749,11.999],"texture":"#texture"},"west":{"uv":[1.001,3.501,1.749,3.999],"texture":"#texture"},"east":{"uv":[1.749,3.501,1.001,3.999],"texture":"#texture"}}},{"from":[7.75,8.75,4.75],"to":[8.5,9.75,5.25],"faces":{"down":{"uv":[5.249,7.251,4.751,7.999],"rotation":90,"texture":"#texture"},"up":{"uv":[4.751,5.251,5.249,5.999],"rotation":90,"texture":"#texture"},"north":{"uv":[12.001,10.001,12.749,10.999],"texture":"#texture"},"south":{"uv":[13.001,9.75102,13.749,10.749],"texture":"#texture"},"west":{"uv":[4.751,2.001,5.249,2.999],"texture":"#texture"},"east":{"uv":[5.249,2.001,4.751,2.999],"texture":"#texture"}}},{"from":[7.75,8,1.75],"to":[8.5,8.25,2.5],"faces":{"down":{"uv":[2.249,7.251,1.501,7.999],"rotation":90,"texture":"#texture"},"south":{"uv":[13.001,11.501,13.749,11.749],"texture":"#texture"},"west":{"uv":[1.751,3.501,2.499,3.749],"texture":"#texture"},"east":{"uv":[2.499,3.501,1.751,3.749],"texture":"#texture"}}},{"from":[7.75,8.75,4.5],"to":[8.5,9.5,4.75],"faces":{"down":{"uv":[4.501,7.251,4.749,7.999],"rotation":90,"texture":"#texture"},"up":{"uv":[4.501,5.251,4.749,5.999],"rotation":90,"texture":"#texture"},"north":{"uv":[13.001,10.501,13.749,11.249],"texture":"#texture"},"west":{"uv":[4.501,2.251,4.749,2.999],"texture":"#texture"},"east":{"uv":[4.501,2.251,4.749,2.999],"texture":"#texture"}}},{"from":[7.75,8.25,3.5],"to":[8.5,9.25,4],"faces":{"down":{"uv":[3.501,7.251,3.999,7.999],"rotation":90,"texture":"#texture"},"up":{"uv":[3.501,5.251,3.999,5.999],"rotation":90,"texture":"#texture"},"south":{"uv":[13.001,10.501,13.749,11.499],"texture":"#texture"},"west":{"uv":[3.501,2.501,3.999,3.499],"texture":"#texture"},"east":{"uv":[3.999,2.501,3.501,3.499],"texture":"#texture"}}},{"from":[7.75,8.5,4],"to":[8.5,9.25,4.5],"faces":{"down":{"uv":[4.499,7.251,4.001,7.999],"rotation":90,"texture":"#texture"},"up":{"uv":[4.001,5.251,4.499,5.999],"texture":"#texture"},"south":{"uv":[13.001,10.501,13.749,11.249],"texture":"#texture"},"west":{"uv":[4.001,2.501,4.499,3.249],"texture":"#texture"},"east":{"uv":[4.499,2.501,4.001,3.249],"texture":"#texture"}}},{"from":[7.75,9.25,4.25],"to":[8.5,9.5,4.5],"faces":{"up":{"uv":[4.251,5.251,4.499,5.999],"rotation":90,"texture":"#texture"},"north":{"uv":[2.001,1.001,2.749,1.248],"texture":"#texture"},"west":{"uv":[4.251,2.251,4.499,2.499],"texture":"#texture"},"east":{"uv":[4.251,2.251,4.499,2.499],"texture":"#texture"}}},{"from":[7.75,9,5.25],"to":[8.5,10,7.75],"faces":{"down":{"uv":[7.749,7.251,5.251,7.999],"rotation":90,"texture":"#texture"},"up":{"uv":[5.251,5.251,7.749,5.999],"rotation":90,"texture":"#texture"},"north":{"uv":[12.001,9.75102,12.749,10.749],"texture":"#texture"},"south":{"uv":[13.001,9.75102,13.749,10.749],"texture":"#texture"},"west":{"uv":[5.251,1.751,7.749,2.749],"texture":"#texture"},"east":{"uv":[7.749,1.751,5.251,2.749],"texture":"#texture"}}},{"from":[7.75,9.25,7.75],"to":[8.5,10,12],"faces":{"down":{"uv":[12.249,7.251,7.751,7.999],"rotation":90,"texture":"#texture"},"up":{"uv":[7.751,5.251,12.249,5.999],"rotation":90,"texture":"#texture"},"south":{"uv":[13.001,9.75102,13.749,10.499],"texture":"#texture"},"west":{"uv":[7.751,1.751,12.249,2.499],"texture":"#texture"},"east":{"uv":[12.249,1.751,7.751,2.499],"texture":"#texture"}}},{"from":[8,9.75,12],"to":[8.25,10,16],"faces":{"down":{"uv":[15.999,7.501,12.251,7.749],"rotation":90,"texture":"#texture"},"up":{"uv":[12.251,5.501,15.999,5.749],"rotation":90,"texture":"#texture"},"south":{"uv":[13.251,9.75102,13.499,9.999],"texture":"#texture"},"west":{"uv":[12.251,1.751,15.999,1.999],"texture":"#texture"},"east":{"uv":[15.999,1.751,12.251,1.999],"texture":"#texture"}}},{"from":[7.75,10.5,8.5],"to":[8.5,11.25,9.5],"faces":{"down":{"uv":[7.249,11.501,6.251,12.249],"rotation":90,"texture":"#texture"},"up":{"uv":[6.251,10.501,7.249,11.249],"rotation":90,"texture":"#texture"},"north":{"uv":[7.751,10.501,8.499,11.249],"texture":"#texture"},"south":{"uv":[8.75102,10.501,9.499,11.249],"texture":"#texture"},"west":{"uv":[8.50102,0.501,9.499,1.248],"texture":"#texture"},"east":{"uv":[9.499,0.501,8.50102,1.248],"texture":"#texture"}}},{"from":[8,10.75,5.25],"to":[8.25,11,7.25],"faces":{"down":{"uv":[4.999,11.751,3.001,11.999],"rotation":90,"texture":"#texture"},"up":{"uv":[3.001,10.751,4.999,10.999],"rotation":90,"texture":"#texture"},"west":{"uv":[5.251,0.751,7.249,0.999],"texture":"#texture"},"east":{"uv":[7.249,0.751,5.251,0.999],"texture":"#texture"}}},{"from":[8,10.5,5.75],"to":[8.25,10.75,7.75],"faces":{"down":{"uv":[5.751,1.001,7.749,1.249],"texture":"#texture"},"up":{"uv":[5.751,1.001,7.749,1.248],"texture":"#texture"},"north":{"uv":[0.501,12.751,0.749,12.999],"texture":"#texture"},"south":{"uv":[0.501,13.249,0.749,13.001],"texture":"#texture"},"west":{"uv":[5.751,1.001,7.749,1.248],"texture":"#texture"},"east":{"uv":[7.749,1.001,5.751,1.248],"texture":"#texture"}}},{"from":[8,10.75,7.25],"to":[8.25,11,8.5],"faces":{"down":{"uv":[6.249,11.751,5.001,11.999],"texture":"#texture"},"up":{"uv":[5.001,10.751,6.249,10.999],"texture":"#texture"},"west":{"uv":[7.251,0.751,8.499,0.999],"texture":"#texture"},"east":{"uv":[7.251,0.999,8.499,0.751],"texture":"#texture"}}},{"from":[7.75,10,6],"to":[8,10.75,6.25],"faces":{"up":{"uv":[1.501,12.501,1.749,12.749],"texture":"#texture"},"north":{"uv":[1.001,12.751,1.248,13.499],"texture":"#texture"},"south":{"uv":[1.501,12.751,1.749,13.499],"texture":"#texture"},"west":{"uv":[0.751,12.751,0.999,13.499],"texture":"#texture"},"east":{"uv":[1.251,12.751,1.499,13.499],"texture":"#texture"}}},{"from":[8.25,10,6],"to":[8.5,10.75,6.25],"faces":{"up":{"uv":[1.501,12.501,1.749,12.749],"texture":"#texture"},"north":{"uv":[1.001,12.751,1.248,13.499],"texture":"#texture"},"south":{"uv":[1.501,12.751,1.749,13.499],"texture":"#texture"},"west":{"uv":[0.751,12.751,0.999,13.499],"texture":"#texture"},"east":{"uv":[1.251,12.751,1.499,13.499],"texture":"#texture"}}},{"from":[7.75,10,6.25],"to":[8.5,10.25,6.5],"faces":{"up":{"uv":[1.251,10.001,1.999,10.249],"texture":"#texture"},"north":{"uv":[1.251,9.75102,1.999,9.999],"texture":"#texture"},"south":{"uv":[1.251,10.251,1.999,10.499],"texture":"#texture"},"west":{"uv":[6.251,1.501,6.499,1.749],"texture":"#texture"},"east":{"uv":[6.251,1.501,6.499,1.749],"texture":"#texture"}}},{"from":[7.75,10,7.25],"to":[8,10.5,7.75],"faces":{"down":{"uv":[1.251,11.251,1.499,11.749],"texture":"#texture"},"up":{"uv":[1.251,11.251,1.749,11.499],"texture":"#texture"},"north":{"uv":[1.251,11.501,1.499,11.999],"texture":"#texture"},"south":{"uv":[1.501,11.501,1.749,11.999],"texture":"#texture"},"west":{"uv":[7.251,1.251,7.749,1.749],"texture":"#texture"},"east":{"uv":[7.251,1.251,7.749,1.749],"texture":"#texture"}}},{"from":[8.25,10,7.25],"to":[8.5,10.5,7.75],"faces":{"down":{"uv":[1.251,11.251,1.749,11.499],"texture":"#texture"},"up":{"uv":[1.251,11.251,1.749,11.499],"texture":"#texture"},"north":{"uv":[1.251,11.501,1.499,11.999],"texture":"#texture"},"south":{"uv":[1.501,11.501,1.749,11.999],"texture":"#texture"},"west":{"uv":[7.251,1.251,7.749,1.749],"texture":"#texture"},"east":{"uv":[7.749,1.251,7.251,1.749],"texture":"#texture"}}},{"from":[7.875,10.625,4.75],"to":[8.375,11.125,5.25],"faces":{"down":{"uv":[8.001,12.251,8.499,12.749],"rotation":90,"texture":"#texture"},"up":{"uv":[9.00102,12.251,9.499,12.749],"rotation":90,"texture":"#texture"},"north":{"uv":[8.00102,11.751,8.499,12.249],"texture":"#texture"},"south":{"uv":[9.00102,11.751,9.499,12.249],"texture":"#texture"},"west":{"uv":[4.751,0.501,5.249,0.999],"texture":"#texture"},"east":{"uv":[5.249,0.501,4.751,0.999],"texture":"#texture"}}},{"from":[7.875,11,6.5],"to":[8.375,11.25,7],"faces":{"down":{"uv":[9.751,10.501,10.249,10.999],"texture":"#texture"},"up":{"uv":[9.75102,10.501,10.249,10.999],"texture":"#texture"},"north":{"uv":[6.501,0.501,6.999,0.749],"texture":"#texture"},"south":{"uv":[6.501,0.501,6.999,0.749],"texture":"#texture"},"west":{"uv":[6.501,0.501,6.999,0.749],"texture":"#texture"},"east":{"uv":[6.501,0.501,6.999,0.749],"texture":"#texture"}}},{"from":[8,9.25,12],"to":[8.25,9.5,12.75],"faces":{"down":{"uv":[12.999,6.751,12.251,6.999],"rotation":90,"texture":"#texture"},"up":{"uv":[12.251,6.251,12.999,6.499],"rotation":90,"texture":"#texture"},"south":{"uv":[13.251,10.251,13.499,10.499],"texture":"#texture"},"west":{"uv":[12.251,2.251,12.999,2.499],"texture":"#texture"},"east":{"uv":[12.999,2.251,12.251,2.499],"texture":"#texture"}}},{"from":[8,7.75,6],"to":[8.25,9,7],"faces":{"down":{"uv":[6.999,4.001,6.001,4.249],"rotation":90,"texture":"#texture"},"north":{"uv":[5.751,2.751,5.999,3.999],"texture":"#texture"},"south":{"uv":[7.001,2.751,7.249,3.999],"texture":"#texture"},"west":{"uv":[6.001,2.751,6.999,3.999],"texture":"#texture"},"east":{"uv":[6.999,2.751,6.001,3.999],"texture":"#texture"}}}],"display":{"thirdperson_righthand":{"rotation":[0,180,0],"translation":[0,0,-2],"scale":[1.5,1.5,1.5 ]},"ground":{"scale":[2,2,2 ]},"head":{"scale":[2,2,2 ]},"fixed":{"rotation":[90,135,-90],"translation":[0,-0.5,0],"scale":[1.6,1.6,1.6 ]},"firstperson_righthand":{"rotation":[3,175,0],"translation":[-2,1,-0.5],"scale":[1.7,1.7,1.7 ]},"gui":{"rotation":[90,-135,90],"translation":[-0.5,-1.5,0],"scale":[1.2,1.2,1.2 ]}}}