{"ambientocclusion":false,"elements":[{"from":[7.5,9.5,0],"to":[7.75,10,0.25],"faces":{"down":{"uv":[0.001,8.751,0.249,8.999],"texture":"#texture"},"up":{"uv":[0.001,6.751,0.249,6.999],"texture":"#texture"},"north":{"uv":[12.251,11.501,12.499,11.999],"texture":"#texture"},"west":{"uv":[0.001,2.001,0.249,2.499],"texture":"#texture"},"east":{"uv":[0.001,2.001,0.249,2.499],"texture":"#texture"}}},{"from":[7.5,8,0.25],"to":[7.75,10,1.5],"faces":{"down":{"uv":[1.499,8.751,0.251,8.999],"rotation":90,"texture":"#texture"},"up":{"uv":[0.251,6.751,1.499,6.999],"rotation":90,"texture":"#texture"},"north":{"uv":[12.251,11.251,12.499,13.249],"texture":"#texture"},"south":{"uv":[13.501,11.751,13.749,13.749],"texture":"#texture"},"west":{"uv":[0.251,2.001,1.499,3.999],"texture":"#texture"},"east":{"uv":[1.499,2.001,0.251,3.999],"texture":"#texture"}}},{"from":[7.5,9.5,1.5],"to":[7.75,9.75,1.75],"faces":{"up":{"uv":[1.501,6.751,1.749,6.999],"rotation":90,"texture":"#texture"},"south":{"uv":[13.501,11.751,13.749,11.999],"texture":"#texture"},"west":{"uv":[1.501,2.251,1.749,2.499],"texture":"#texture"},"east":{"uv":[1.501,2.251,1.749,2.499],"texture":"#texture"}}},{"from":[7.5,8,1.5],"to":[7.75,9.5,2],"faces":{"down":{"uv":[1.501,8.751,1.999,8.999],"rotation":90,"texture":"#texture"},"up":{"uv":[1.501,6.751,1.999,6.999],"rotation":90,"texture":"#texture"},"south":{"uv":[13.501,12.001,13.749,13.499],"texture":"#texture"},"west":{"uv":[1.501,2.501,1.999,3.999],"texture":"#texture"},"east":{"uv":[1.999,2.501,1.501,3.999],"texture":"#texture"}}},{"from":[7.5,8.75,2],"to":[7.75,9.5,2.5],"faces":{"down":{"uv":[2.001,8.751,2.499,8.999],"rotation":90,"texture":"#texture"},"up":{"uv":[2.001,6.751,2.499,6.999],"rotation":90,"texture":"#texture"},"south":{"uv":[13.501,12.001,13.749,12.749],"texture":"#texture"},"west":{"uv":[2.001,2.501,2.499,3.249],"texture":"#texture"},"east":{"uv":[2.499,2.501,2.001,3.249],"texture":"#texture"}}},{"from":[7.5,8,2],"to":[7.75,8.25,2.25],"faces":{"down":{"uv":[2.001,8.751,2.249,8.999],"texture":"#texture"},"south":{"uv":[13.501,13.251,13.749,13.499],"texture":"#texture"},"west":{"uv":[2.001,3.751,2.249,3.999],"texture":"#texture"},"east":{"uv":[2.001,3.751,2.249,3.999],"texture":"#texture"}}},{"from":[7.5,9,2.5],"to":[7.75,9.5,3.75],"faces":{"down":{"uv":[3.499,6.751,2.251,6.999],"rotation":90,"texture":"#texture"},"up":{"uv":[2.251,8.751,3.499,8.999],"rotation":90,"texture":"#texture"},"west":{"uv":[2.501,2.501,3.749,2.999],"texture":"#texture"},"east":{"uv":[3.749,2.501,2.501,2.999],"texture":"#texture"}}},{"from":[7.5,9.5,2.75],"to":[7.75,9.75,3.75],"faces":{"up":{"uv":[2.751,6.751,3.749,6.999],"rotation":90,"texture":"#texture"},"north":{"uv":[13.751,11.751,13.999,11.999],"texture":"#texture"},"west":{"uv":[2.751,2.251,3.749,2.499],"texture":"#texture"},"east":{"uv":[3.749,2.251,2.751,2.499],"texture":"#texture"}}},{"from":[7.5,9.75,3.25],"to":[7.75,10,3.5],"faces":{"up":{"uv":[3.251,6.751,3.499,6.999],"texture":"#texture"},"north":{"uv":[3.251,6.751,3.499,6.999],"texture":"#texture"},"west":{"uv":[3.251,2.001,3.499,2.249],"texture":"#texture"},"east":{"uv":[3.251,2.001,3.499,2.249],"texture":"#texture"}}},{"from":[7.25,9.75,3.5],"to":[8,10.25,3.75],"faces":{"down":{"uv":[3.501,8.501,3.749,9.249],"rotation":90,"texture":"#texture"},"up":{"uv":[3.501,6.501,3.749,7.249],"rotation":90,"texture":"#texture"},"north":{"uv":[12.001,11.251,12.749,11.749],"texture":"#texture"},"west":{"uv":[3.501,1.751,3.749,2.249],"texture":"#texture"},"east":{"uv":[3.501,1.751,3.749,2.249],"texture":"#texture"}}},{"from":[7.25,9,3.75],"to":[8,10.25,4],"faces":{"down":{"uv":[3.999,8.501,3.751,9.249],"rotation":90,"texture":"#texture"},"up":{"uv":[3.751,6.501,3.999,7.249],"rotation":90,"texture":"#texture"},"north":{"uv":[12.001,11.001,12.749,12.249],"texture":"#texture"},"south":{"uv":[14.501,11.001,15.249,12.249],"texture":"#texture"},"west":{"uv":[3.751,1.751,3.999,2.999],"texture":"#texture"},"east":{"uv":[3.751,1.751,3.999,2.999],"texture":"#texture"}}},{"from":[7.25,9.25,4],"to":[8,10.25,7.75],"faces":{"down":{"uv":[7.499,8.501,3.751,9.249],"rotation":90,"texture":"#texture"},"up":{"uv":[4.001,6.501,7.749,7.249],"rotation":90,"texture":"#texture"},"south":{"uv":[14.501,11.001,15.249,11.999],"texture":"#texture"},"west":{"uv":[4.001,1.751,7.749,2.749],"texture":"#texture"},"east":{"uv":[7.749,1.751,4.001,2.749],"texture":"#texture"}}},{"from":[7.25,8.75,4],"to":[8,9.25,6.5],"faces":{"down":{"uv":[6.499,8.501,4.001,9.249],"rotation":90,"texture":"#texture"},"north":{"uv":[12.001,13.501,12.749,13.999],"texture":"#texture"},"west":{"uv":[4.001,2.751,6.499,3.249],"texture":"#texture"},"east":{"uv":[6.499,2.751,4.001,3.249],"texture":"#texture"}}},{"from":[7.25,9.5,7.75],"to":[8,10.25,8],"faces":{"up":{"uv":[7.751,6.501,7.999,7.249],"rotation":90,"texture":"#texture"},"south":{"uv":[14.501,11.001,15.249,11.749],"texture":"#texture"},"west":{"uv":[7.251,1.751,7.499,2.499],"texture":"#texture"},"east":{"uv":[7.999,1.751,7.751,2.499],"texture":"#texture"}}},{"from":[7.25,9.75,8],"to":[8,10.25,8.25],"faces":{"up":{"uv":[8.001,6.501,8.249,7.249],"rotation":90,"texture":"#texture"},"west":{"uv":[8.001,1.751,8.249,2.249],"texture":"#texture"},"east":{"uv":[8.001,1.751,8.249,2.249],"texture":"#texture"}}},{"from":[6.75,7.5,6.5],"to":[8.5,9.25,7.75],"faces":{"down":{"uv":[7.749,8.001,6.501,9.749],"rotation":90,"texture":"#texture"},"up":{"uv":[6.501,6.001,7.749,7.749],"rotation":90,"texture":"#texture"},"north":{"uv":[9.001,10.751,10.749,12.499],"texture":"#texture"},"south":{"uv":[9.001,12.501,10.749,14.249],"texture":"#texture"},"west":{"uv":[6.501,2.751,7.749,4.499],"texture":"#texture"},"east":{"uv":[7.749,2.751,6.501,4.499],"texture":"#texture"}}},{"from":[7.25,10.25,5],"to":[8,10.5,7.25],"faces":{"up":{"uv":[5.251,6.501,7.499,7.249],"rotation":90,"texture":"#texture"},"north":{"uv":[12.001,11.001,12.749,11.249],"texture":"#texture"},"south":{"uv":[14.501,10.751,15.249,10.999],"texture":"#texture"},"west":{"uv":[5.001,1.501,7.249,1.749],"texture":"#texture"},"east":{"uv":[7.249,1.501,5.001,1.749],"texture":"#texture"}}},{"from":[7.25,8.75,7.75],"to":[8,9.5,8],"faces":{"down":{"uv":[7.751,8.501,7.999,9.249],"rotation":90,"texture":"#texture"},"north":{"uv":[12.001,12.001,12.749,12.749],"texture":"#texture"},"west":{"uv":[7.751,6.501,7.999,7.249],"texture":"#texture"},"east":{"uv":[7.751,6.501,7.999,7.249],"texture":"#texture"}}},{"from":[7,8.75,8],"to":[8.25,9.75,10],"faces":{"down":{"uv":[9.999,8.251,7.751,9.499],"rotation":90,"texture":"#texture"},"up":{"uv":[7.751,6.251,9.999,7.499],"rotation":90,"texture":"#texture"},"north":{"uv":[14.251,11.501,15.499,12.499],"texture":"#texture"},"south":{"uv":[14.251,11.501,15.499,12.499],"texture":"#texture"},"west":{"uv":[8.001,2.251,9.999,3.249],"texture":"#texture"},"east":{"uv":[8.001,2.251,9.999,3.249],"texture":"#texture"}}},{"from":[7,9.25,10],"to":[8.25,9.75,10.75],"faces":{"down":{"uv":[10.749,8.251,10.001,9.499],"rotation":90,"texture":"#texture"},"up":{"uv":[10.749,6.251,10.001,7.499],"rotation":90,"texture":"#texture"},"south":{"uv":[14.251,11.501,15.499,11.999],"texture":"#texture"},"west":{"uv":[10.001,2.251,10.749,2.749],"texture":"#texture"},"east":{"uv":[10.001,2.251,10.749,2.749],"texture":"#texture"}}},{"from":[7.25,9.75,8.25],"to":[8,10.25,10.75],"faces":{"down":{"uv":[10.749,6.501,8.251,7.249],"rotation":90,"texture":"#texture"},"up":{"uv":[8.251,6.501,10.749,7.249],"rotation":90,"texture":"#texture"},"south":{"uv":[14.501,11.001,15.249,11.499],"texture":"#texture"},"west":{"uv":[8.251,1.751,10.749,2.249],"texture":"#texture"},"east":{"uv":[10.749,1.751,8.251,2.249],"texture":"#texture"}}},{"from":[7.5,9.75,12.25],"to":[7.75,10,15.5],"faces":{"down":{"uv":[15.499,8.751,12.251,8.999],"rotation":90,"texture":"#texture"},"up":{"uv":[12.251,6.751,15.499,6.999],"rotation":90,"texture":"#texture"},"south":{"uv":[14.751,11.251,14.999,11.499],"texture":"#texture"},"west":{"uv":[12.251,2.001,15.499,2.249],"texture":"#texture"},"east":{"uv":[15.499,2.001,12.251,2.249],"texture":"#texture"}}},{"from":[7.5,9.5,10.75],"to":[7.75,10,12.25],"faces":{"up":{"uv":[10.751,6.751,12.249,6.999],"rotation":90,"texture":"#texture"},"north":{"uv":[14.751,11.251,14.999,11.749],"texture":"#texture"},"south":{"uv":[14.751,11.251,14.999,11.749],"texture":"#texture"},"west":{"uv":[10.751,2.001,12.249,2.499],"texture":"#texture"},"east":{"uv":[12.249,2.001,10.751,2.499],"texture":"#texture"}}},{"from":[7.5,9.25,10.75],"to":[7.75,9.5,12.75],"faces":{"down":{"uv":[12.749,8.751,10.751,8.999],"rotation":90,"texture":"#texture"},"up":{"uv":[10.751,6.751,12.749,6.999],"rotation":90,"texture":"#texture"},"south":{"uv":[14.751,11.751,14.999,11.999],"texture":"#texture"},"west":{"uv":[10.751,2.501,12.749,2.749],"texture":"#texture"},"east":{"uv":[12.749,2.501,10.751,2.749],"texture":"#texture"}}},{"from":[7.5,9,10],"to":[7.75,9.25,11.75],"faces":{"down":{"uv":[11.749,8.751,10.001,8.999],"rotation":90,"texture":"#texture"},"up":{"uv":[10.001,6.751,11.749,6.999],"rotation":90,"texture":"#texture"},"south":{"uv":[14.751,12.001,14.999,12.249],"texture":"#texture"},"west":{"uv":[10.001,2.751,11.749,2.999],"texture":"#texture"},"east":{"uv":[11.749,2.751,10.001,2.999],"texture":"#texture"}}},{"from":[7.5,8,4.75],"to":[7.75,8.75,5.5],"faces":{"down":{"uv":[4.751,8.751,5.499,8.999],"texture":"#texture"},"north":{"uv":[11.001,12.501,11.249,13.249],"texture":"#texture"},"south":{"uv":[11.251,12.501,11.499,13.249],"texture":"#texture"},"west":{"uv":[4.751,3.251,5.499,3.999],"texture":"#texture"},"east":{"uv":[5.499,3.251,4.751,3.999],"texture":"#texture"}}},{"from":[7.5,7.5,4.5],"to":[7.75,8,5.25],"faces":{"down":{"uv":[4.251,10.251,4.999,10.499],"texture":"#texture"},"up":{"uv":[4.251,10.501,4.999,10.749],"texture":"#texture"},"north":{"uv":[11.001,13.251,11.249,13.749],"texture":"#texture"},"south":{"uv":[11.251,13.251,11.499,13.749],"texture":"#texture"},"west":{"uv":[4.501,4.001,5.249,4.499],"texture":"#texture"},"east":{"uv":[5.249,4.001,4.501,4.499],"texture":"#texture"}}},{"from":[7.5,7.25,4.5],"to":[7.75,7.5,5],"faces":{"down":{"uv":[4.251,10.251,4.749,10.499],"texture":"#texture"},"north":{"uv":[11.001,13.751,11.249,13.999],"texture":"#texture"},"south":{"uv":[11.251,13.751,11.499,13.999],"texture":"#texture"},"west":{"uv":[4.501,4.501,4.999,4.749],"texture":"#texture"},"east":{"uv":[4.999,4.501,4.501,4.749],"texture":"#texture"}}},{"from":[7.5,7.5,4.25],"to":[7.75,7.75,4.5],"faces":{"down":{"uv":[4.001,10.251,4.249,10.499],"texture":"#texture"},"up":{"uv":[4.001,10.501,4.249,10.749],"texture":"#texture"},"north":{"uv":[11.001,13.751,11.249,13.999],"texture":"#texture"},"west":{"uv":[4.251,4.251,4.499,4.499],"texture":"#texture"},"east":{"uv":[4.251,4.251,4.499,4.499],"texture":"#texture"}}}],"display":{"thirdperson_righthand":{"rotation":[0,180,0],"translation":[0,-0.5,-2.5],"scale":[1.5,1.5,1.5 ]},"ground":{"scale":[2,2,2 ]},"head":{"scale":[2,2,2]},"fixed":{"rotation":[90,135,-90],"translation":[1,0,-0.5],"scale":[1.6,1.6,1.6 ]},"firstperson_righthand":{"rotation":[3,177,0],"translation":[-4.5,0,-0],"scale":[1.9,1.9,1.9 ]},"gui":{"rotation":[90,-135,90],"translation":[-1.5,-0.5,0],"scale":[1.2,1.2,1.2 ]}}}