{"ambientocclusion":false,"elements":[{"from":[7.75,7.5,0.25],"to":[8.5,9,1.25],"faces":{"down":{"uv":[1.249,7.251,0.251,7.999],"rotation":90,"texture":"#texture"},"up":{"uv":[0.251,5.251,1.249,5.999],"rotation":90,"texture":"#texture"},"north":{"uv":[12.001,10.251,12.749,11.749],"texture":"#texture","cullface":"north"},"south":{"uv":[12.001,10.251,12.749,11.749],"texture":"#texture"},"west":{"uv":[0.251,2.251,1.249,3.749],"texture":"#texture"},"east":{"uv":[1.249,2.251,0.251,3.749],"texture":"#texture"}}},{"from":[7.75,8.25,1.25],"to":[8.5,8.5,1.5],"faces":{"west":{"uv":[1.251,2.751,1.499,2.999],"texture":"#texture"},"east":{"uv":[1.251,2.751,1.499,2.999],"texture":"#texture"}}},{"from":[7.75,7.5,1.25],"to":[8.5,8.25,2.25],"faces":{"down":{"uv":[2.249,7.251,1.251,7.999],"rotation":90,"texture":"#texture"},"up":{"uv":[1.251,5.251,2.249,5.999],"rotation":90,"texture":"#texture"},"south":{"uv":[14.001,11.001,14.749,11.749],"texture":"#texture"},"west":{"uv":[1.251,3.001,2.249,3.749],"texture":"#texture"},"east":{"uv":[2.249,3.001,1.251,3.749],"texture":"#texture"}}},{"from":[7.75,8.25,3],"to":[8.5,8.5,3.25],"faces":{"west":{"uv":[3.001,2.751,3.249,2.999],"texture":"#texture"},"east":{"uv":[3.001,2.751,3.249,2.999],"texture":"#texture"}}},{"from":[7.75,7.75,2.25],"to":[8.5,8.25,3.75],"faces":{"down":{"uv":[3.749,7.251,2.251,7.999],"rotation":90,"texture":"#texture"},"up":{"uv":[2.001,3.001,3.499,3.499],"rotation":90,"texture":"#texture"},"west":{"uv":[2.251,3.001,3.749,3.499],"texture":"#texture"},"east":{"uv":[3.749,3.001,2.251,3.499],"texture":"#texture"}}},{"from":[7.75,8.75,3.25],"to":[8.5,9,3.5],"faces":{"south":{"uv":[14.001,10.001,14.749,10.249],"texture":"#texture"},"west":{"uv":[3.251,2.251,3.499,2.499],"texture":"#texture"},"east":{"uv":[3.251,2.251,3.499,2.499],"texture":"#texture"}}},{"from":[7.75,8.25,3.25],"to":[8.5,8.75,3.75],"faces":{"up":{"uv":[3.251,5.251,3.749,5.999],"rotation":90,"texture":"#texture"},"north":{"uv":[14.001,10.001,14.749,10.499],"texture":"#texture"},"west":{"uv":[3.251,2.501,3.749,2.999],"texture":"#texture"},"east":{"uv":[3.749,2.501,3.251,2.999],"texture":"#texture"}}},{"from":[7.5,8.5,1.25],"to":[8.75,9.25,3.25],"faces":{"down":{"uv":[1.251,7.001,3.249,8.249],"rotation":90,"texture":"#texture"},"up":{"uv":[1.251,5.001,3.249,6.249],"rotation":90,"texture":"#texture"},"north":{"uv":[11.751,10.001,12.999,10.749],"texture":"#texture"},"south":{"uv":[13.751,10.001,14.999,10.749],"texture":"#texture"},"west":{"uv":[1.251,2.001,3.249,2.749],"texture":"#texture"},"east":{"uv":[3.249,2.001,1.251,2.749],"texture":"#texture"}}},{"from":[7.5,8.25,1.5],"to":[8.75,8.5,3],"faces":{"down":{"uv":[1.501,7.001,2.999,8.249],"rotation":90,"texture":"#texture"},"north":{"uv":[11.751,10.751,12.999,10.999],"texture":"#texture"},"south":{"uv":[11.751,10.751,12.999,10.999],"texture":"#texture"},"west":{"uv":[1.501,2.751,2.999,2.999],"texture":"#texture"},"east":{"uv":[2.999,2.751,1.501,2.999],"texture":"#texture"}}},{"from":[7.5,9,3.25],"to":[8.75,9.25,3.5],"faces":{"down":{"uv":[3.251,7.001,3.499,8.249],"rotation":90,"texture":"#texture"},"up":{"uv":[3.251,5.001,3.499,6.249],"rotation":90,"texture":"#texture"},"south":{"uv":[11.751,10.001,12.999,10.249],"texture":"#texture"},"west":{"uv":[3.251,2.001,3.499,2.249],"texture":"#texture"},"east":{"uv":[3.251,2.001,3.499,2.249],"texture":"#texture"}}},{"from":[7.75,8.75,4],"to":[8.5,9,4.25],"faces":{"up":{"uv":[4.001,5.251,4.249,5.999],"rotation":90,"texture":"#texture"},"north":{"uv":[14.001,10.251,14.749,10.499],"texture":"#texture"},"west":{"uv":[4.001,2.251,4.249,2.499],"texture":"#texture"},"east":{"uv":[4.001,2.251,4.249,2.499],"texture":"#texture"}}},{"from":[7.75,7.5,3.75],"to":[8.5,8.75,4.25],"faces":{"down":{"uv":[4.249,7.251,3.751,7.999],"rotation":90,"texture":"#texture"},"up":{"uv":[3.751,5.251,4.249,5.999],"rotation":90,"texture":"#texture"},"north":{"uv":[14.001,10.501,14.749,11.749],"texture":"#texture"},"south":{"uv":[14.001,10.501,14.749,11.749],"texture":"#texture"},"west":{"uv":[3.751,2.501,4.249,3.749],"texture":"#texture"},"east":{"uv":[4.249,2.501,3.751,3.749],"texture":"#texture"}}},{"from":[7.75,8.5,4.25],"to":[8.5,9.25,4.75],"faces":{"down":{"uv":[4.749,7.251,4.251,7.999],"rotation":90,"texture":"#texture"},"up":{"uv":[4.251,5.251,4.749,5.999],"rotation":90,"texture":"#texture"},"north":{"uv":[14.001,10.001,14.749,10.749],"texture":"#texture"},"west":{"uv":[4.251,2.001,4.749,2.749],"texture":"#texture"},"east":{"uv":[4.749,2.001,4.251,2.749],"texture":"#texture"}}},{"from":[7.75,8.25,4.25],"to":[8.5,8.5,4.5],"faces":{"down":{"uv":[4.251,7.251,4.499,7.999],"rotation":90,"texture":"#texture"},"south":{"uv":[14.001,10.751,14.749,10.999],"texture":"#texture"},"west":{"uv":[4.251,2.751,4.499,2.999],"texture":"#texture"},"east":{"uv":[4.499,2.751,4.251,2.999],"texture":"#texture"}}},{"from":[7.75,8.5,4.75],"to":[8.5,9.5,6.5],"faces":{"down":{"uv":[6.499,7.251,4.751,7.999],"rotation":90,"texture":"#texture"},"up":{"uv":[4.751,5.251,6.499,5.999],"rotation":90,"texture":"#texture"},"north":{"uv":[12.001,9.751,12.749,10.749],"texture":"#texture"},"south":{"uv":[14.001,9.751,14.749,10.749],"texture":"#texture"},"west":{"uv":[4.751,1.751,6.499,2.749],"texture":"#texture"},"east":{"uv":[6.499,1.751,4.751,2.749],"texture":"#texture"}}},{"from":[7.75,8.5,6.5],"to":[8.5,9.25,11.5],"faces":{"down":{"uv":[11.499,7.251,6.501,7.999],"rotation":90,"texture":"#texture"},"up":{"uv":[6.501,5.251,11.499,5.999],"rotation":90,"texture":"#texture"},"south":{"uv":[14.001,10.001,14.749,10.749],"texture":"#texture"},"west":{"uv":[6.501,2.001,11.499,2.749],"texture":"#texture"},"east":{"uv":[11.499,2.001,6.501,2.749],"texture":"#texture"}}},{"from":[8,9.25,6.5],"to":[8.25,9.5,16],"faces":{"down":{"uv":[6.501,5.501,15.999,5.749],"rotation":270,"texture":"#texture"},"up":{"uv":[6.501,5.501,15.999,5.749],"rotation":90,"texture":"#texture"},"south":{"uv":[14.251,9.751,14.499,9.999],"texture":"#texture"},"west":{"uv":[6.501,1.751,15.999,1.999],"texture":"#texture"},"east":{"uv":[15.999,1.751,6.501,1.999],"texture":"#texture"}}},{"from":[7.75,10,7.75],"to":[8.5,10.75,8.75],"faces":{"down":{"uv":[7.249,11.501,6.251,12.249],"rotation":90,"texture":"#texture"},"up":{"uv":[6.251,10.501,7.249,11.249],"rotation":90,"texture":"#texture"},"north":{"uv":[8.751,10.501,9.499,11.249],"texture":"#texture"},"south":{"uv":[7.751,10.501,8.499,11.249],"texture":"#texture"},"west":{"uv":[7.751,0.501,8.749,1.249],"texture":"#texture"},"east":{"uv":[8.749,0.501,7.751,1.249],"texture":"#texture"}}},{"from":[8,10.25,4.5],"to":[8.25,10.5,6.5],"faces":{"down":{"uv":[4.999,10.751,3.001,10.999],"rotation":90,"texture":"#texture"},"up":{"uv":[3.001,10.751,4.999,10.999],"rotation":90,"texture":"#texture"},"west":{"uv":[4.501,0.751,6.499,0.999],"texture":"#texture"},"east":{"uv":[6.499,0.751,4.501,0.999],"texture":"#texture"}}},{"from":[8,10,5],"to":[8.25,10.25,7],"faces":{"down":{"uv":[5.499,11.751,3.501,11.999],"rotation":90,"texture":"#texture"},"up":{"uv":[3.501,10.751,5.499,10.999],"rotation":90,"texture":"#texture"},"north":{"uv":[3.001,12.501,3.499,12.749],"texture":"#texture"},"south":{"uv":[3.001,12.501,3.499,12.749],"texture":"#texture"},"west":{"uv":[5.001,1.001,6.999,1.249],"texture":"#texture"},"east":{"uv":[6.999,1.001,5.001,1.249],"texture":"#texture"}}},{"from":[8,10.25,6.5],"to":[8.25,10.5,7.75],"faces":{"down":{"uv":[6.249,11.751,5.001,11.999],"rotation":90,"texture":"#texture"},"up":{"uv":[5.001,10.751,6.249,10.999],"rotation":90,"texture":"#texture"},"west":{"uv":[6.501,0.751,7.749,0.999],"texture":"#texture"},"east":{"uv":[7.749,0.751,6.501,0.999],"texture":"#texture"}}},{"from":[7.75,9.5,5.25],"to":[8,10.25,5.5],"faces":{"up":{"uv":[3.001,12.751,3.249,12.999],"rotation":90,"texture":"#texture"},"north":{"uv":[3.001,12.251,3.249,12.999],"texture":"#texture"},"south":{"uv":[3.001,12.251,3.249,12.999],"texture":"#texture"},"west":{"uv":[5.251,1.001,5.499,1.749],"texture":"#texture"},"east":{"uv":[5.251,1.001,5.499,1.749],"texture":"#texture"}}},{"from":[8.25,9.5,5.25],"to":[8.5,10.25,5.5],"faces":{"up":{"uv":[3.001,12.751,3.249,12.999],"rotation":90,"texture":"#texture"},"north":{"uv":[3.001,12.251,3.249,12.999],"texture":"#texture"},"south":{"uv":[3.001,12.251,3.249,12.999],"texture":"#texture"},"west":{"uv":[5.251,1.001,5.499,1.749],"texture":"#texture"},"east":{"uv":[5.251,1.001,5.499,1.749],"texture":"#texture"}}},{"from":[7.75,9.5,5.5],"to":[8.5,9.75,5.75],"faces":{"up":{"uv":[3.001,12.501,3.749,12.749],"rotation":90,"texture":"#texture"},"north":{"uv":[3.001,12.501,3.749,12.749],"texture":"#texture"},"south":{"uv":[3.001,12.501,3.749,12.749],"texture":"#texture"},"west":{"uv":[3.001,12.501,3.249,12.749],"texture":"#texture"},"east":{"uv":[3.001,12.501,3.249,12.749],"texture":"#texture"}}},{"from":[7.75,9.25,6.5],"to":[8,10,7],"faces":{"down":{"uv":[3.001,12.501,3.249,12.999],"rotation":90,"texture":"#texture"},"up":{"uv":[3.001,12.501,3.249,12.999],"rotation":90,"texture":"#texture"},"north":{"uv":[3.001,12.251,3.249,12.999],"texture":"#texture"},"south":{"uv":[3.001,12.251,3.249,12.999],"texture":"#texture"},"west":{"uv":[6.501,1.001,6.999,1.749],"texture":"#texture"},"east":{"uv":[6.999,1.001,6.501,1.749],"texture":"#texture"}}},{"from":[8.25,9.25,6.5],"to":[8.5,10,7],"faces":{"down":{"uv":[3.001,12.501,3.249,12.999],"rotation":90,"texture":"#texture"},"up":{"uv":[3.001,12.501,3.249,12.999],"rotation":90,"texture":"#texture"},"north":{"uv":[3.001,12.251,3.249,12.999],"texture":"#texture"},"south":{"uv":[3.001,12.251,3.249,12.999],"texture":"#texture"},"west":{"uv":[6.501,1.001,6.999,1.749],"texture":"#texture"},"east":{"uv":[6.999,1.001,6.501,1.749],"texture":"#texture"}}},{"from":[7.875,10.125,4],"to":[8.375,10.625,4.5],"faces":{"down":{"uv":[9.001,12.749,9.499,12.251],"rotation":90,"texture":"#texture"},"up":{"uv":[4.001,0.501,4.499,0.999],"rotation":90,"texture":"#texture"},"north":{"uv":[8.001,11.751,8.499,12.249],"texture":"#texture"},"south":{"uv":[9.001,11.751,9.499,12.249],"texture":"#texture"},"west":{"uv":[4.001,0.501,4.499,0.999],"texture":"#texture"},"east":{"uv":[4.499,0.501,4.001,0.999],"texture":"#texture"}}},{"from":[7.875,10.5,5.75],"to":[8.375,10.75,6.25],"faces":{"down":{"uv":[4.001,12.251,4.499,12.759],"texture":"#texture"},"up":{"uv":[4.001,12.251,4.499,12.749],"texture":"#texture"},"north":{"uv":[6.249,0.501,5.751,0.749],"texture":"#texture"},"south":{"uv":[5.751,0.501,6.249,0.749],"texture":"#texture"},"west":{"uv":[5.751,0.501,6.249,0.749],"texture":"#texture"},"east":{"uv":[6.249,0.501,6.001,0.749],"texture":"#texture"}}}],"display":{"thirdperson_righthand":{"rotation":[0,180,0],"translation":[0,0,-1],"scale":[1.5,1.5,1.5 ]},"ground":{"scale":[2,2,2 ]},"head":{"scale":[2,2,2]},"fixed":{"rotation":[90,135,-90],"translation":[1,0,-0.5],"scale":[1.6,1.6,1.6 ]},"firstperson_righthand":{"rotation":[3,175,0],"translation":[-2,2,-0.5],"scale":[1.7,1.7,1.7 ]},"gui":{"rotation":[90,-135,90],"translation":[-1.5,-0.5,0],"scale":[1.2,1.2,1.2 ]}}}