{"ambientocclusion":false,"elements":[{"from":[6.75,9.75,0.5],"to":[8.5,11.5,5],"faces":{"down":{"uv":[4.999,8.501,0.501,10.249],"rotation":90,"texture":"#texture"},"up":{"uv":[0.501,6.501,4.999,8.249],"rotation":90,"texture":"#texture"},"north":{"uv":[12.001,11.001,13.749,12.749],"texture":"#texture","cullface":"north"},"south":{"uv":[14.001,11.001,15.749,12.749],"texture":"#texture"},"west":{"uv":[0.501,2.001,4.999,3.749],"texture":"#texture"},"east":{"uv":[4.999,2.001,0.501,3.749],"texture":"#texture"}}},{"from":[7,8,0.5],"to":[8.25,9.75,4.75],"faces":{"down":{"uv":[4.749,8.751,0.501,9.999],"rotation":90,"texture":"#texture"},"north":{"uv":[12.251,12.751,13.499,14.499],"texture":"#texture","cullface":"north"},"south":{"uv":[14.251,12.751,15.499,14.499],"texture":"#texture"},"west":{"uv":[0.501,3.751,4.749,5.499],"texture":"#texture"},"east":{"uv":[4.749,3.751,0.501,5.499],"texture":"#texture"}}},{"from":[6.75,9.75,5],"to":[8.5,11,10.25],"faces":{"down":{"uv":[10.249,8.501,5.001,10.249],"rotation":90,"texture":"#texture"},"up":{"uv":[5.001,6.501,10.249,8.249],"rotation":90,"texture":"#texture"},"south":{"uv":[3.001,11.501,4.749,12.749],"texture":"#texture"},"west":{"uv":[5.001,2.501,10.249,3.749],"texture":"#texture"},"east":{"uv":[10.249,2.501,5.001,3.749],"texture":"#texture"}}},{"from":[7,11,5],"to":[8.25,11.5,13],"faces":{"down":{"uv":[12.999,7.999,5.001,6.751],"rotation":90,"texture":"#texture"},"up":{"uv":[5.001,6.751,12.999,7.999],"rotation":90,"texture":"#texture"},"south":{"uv":[14.251,11.001,15.499,11.499],"texture":"#texture"},"west":{"uv":[5.001,2.001,12.999,2.499],"texture":"#texture"},"east":{"uv":[12.999,2.001,5.001,2.499],"texture":"#texture"}}},{"from":[7.25,8,4.75],"to":[8,9.75,6.5],"faces":{"down":{"uv":[6.499,9.001,4.751,9.749],"rotation":90,"texture":"#texture"},"up":{"uv":[4.751,6.751,6.499,7.999],"rotation":90,"texture":"#texture"},"south":{"uv":[14.501,12.751,15.249,14.499],"texture":"#texture"},"west":{"uv":[4.751,3.751,6.499,5.499],"texture":"#texture"},"east":{"uv":[6.499,3.751,4.751,5.499],"texture":"#texture"}}},{"from":[7.25,9.5,6.5],"to":[8,9.75,6.75],"faces":{"down":{"uv":[6.501,9.001,6.749,9.749],"rotation":90,"texture":"#texture"},"south":{"uv":[14.501,12.751,15.249,12.999],"texture":"#texture"},"west":{"uv":[6.501,3.999,6.749,3.751],"texture":"#texture"},"east":{"uv":[6.501,3.999,6.749,3.751],"texture":"#texture"}}},{"from":[7.25,7.75,5.25],"to":[8,8,6.5],"faces":{"down":{"uv":[6.499,9.001,5.251,9.749],"rotation":90,"texture":"#texture"},"north":{"uv":[12.501,14.501,13.249,14.749],"texture":"#texture"},"west":{"uv":[5.251,5.501,6.499,5.749],"texture":"#texture"},"east":{"uv":[6.499,5.501,5.251,5.749],"texture":"#texture"}}},{"from":[7.25,7.5,6],"to":[8,7.75,6.5],"faces":{"down":{"uv":[6.001,9.001,6.499,9.749],"rotation":90,"texture":"#texture"},"north":{"uv":[12.501,14.751,13.249,14.999],"texture":"#texture"},"west":{"uv":[6.001,5.751,6.499,5.999],"texture":"#texture"},"east":{"uv":[6.499,5.751,6.001,5.999],"texture":"#texture"}}},{"from":[7.25,7.25,6.5],"to":[8,8.5,8.5],"faces":{"down":{"uv":[6.501,10.501,8.499,11.249],"rotation":90,"texture":"#texture"},"up":{"uv":[6.501,10.501,8.499,11.249],"rotation":90,"texture":"#texture"},"north":{"uv":[12.501,14.501,13.249,15.249],"texture":"#texture"},"south":{"uv":[14.501,14.501,15.249,15.249],"texture":"#texture"},"west":{"uv":[6.501,5.001,8.499,6.249],"texture":"#texture"},"east":{"uv":[8.499,5.001,6.501,6.249],"texture":"#texture"}}},{"from":[7.25,8.5,6.5],"to":[8,9,6.75],"faces":{"up":{"uv":[6.501,10.501,6.749,11.249],"rotation":90,"texture":"#texture"},"south":{"uv":[14.501,13.501,15.249,13.999],"texture":"#texture"},"west":{"uv":[6.501,4.501,6.749,4.999],"texture":"#texture"},"east":{"uv":[6.501,4.501,6.749,4.999],"texture":"#texture"}}},{"from":[7.25,8.5,6.75],"to":[8,8.75,7],"faces":{"up":{"uv":[6.751,10.501,6.999,11.249],"rotation":90,"texture":"#texture"},"south":{"uv":[14.501,13.751,15.249,13.999],"texture":"#texture"},"west":{"uv":[6.751,4.751,6.999,4.999],"texture":"#texture"},"east":{"uv":[6.751,4.751,6.999,4.999],"texture":"#texture"}}},{"from":[7.25,8.5,7.5],"to":[8,8.75,8],"faces":{"up":{"uv":[7.501,10.501,7.999,11.249],"rotation":90,"texture":"#texture"},"north":{"uv":[14.501,14.001,15.249,14.249],"texture":"#texture"},"west":{"uv":[7.501,4.751,7.999,4.999],"texture":"#texture"},"east":{"uv":[7.999,4.751,7.501,4.999],"texture":"#texture"}}},{"from":[7.25,8.5,8],"to":[8,9,8.5],"faces":{"up":{"uv":[8.001,10.501,8.499,11.249],"rotation":90,"texture":"#texture"},"north":{"uv":[14.501,13.751,15.249,14.249],"texture":"#texture"},"west":{"uv":[8.001,4.501,8.499,4.999],"texture":"#texture"},"east":{"uv":[8.499,4.501,8.001,4.999],"texture":"#texture"}}},{"from":[7.25,8.25,8.5],"to":[8,9.75,9.75],"faces":{"down":{"uv":[9.749,9.001,8.501,9.749],"rotation":90,"texture":"#texture"},"north":{"uv":[1.501,12.751,2.249,14.249],"texture":"#texture"},"south":{"uv":[3.501,12.751,4.249,14.249],"texture":"#texture"},"west":{"uv":[8.501,3.751,9.749,5.249],"texture":"#texture"},"east":{"uv":[9.749,3.751,8.501,5.249],"texture":"#texture"}}},{"from":[7.25,7.5,8.5],"to":[8,8.25,9],"faces":{"down":{"uv":[8.999,9.001,8.501,9.749],"rotation":90,"texture":"#texture"},"south":{"uv":[14.501,14.251,15.249,14.999],"texture":"#texture"},"west":{"uv":[8.501,5.251,8.999,5.999],"texture":"#texture"},"east":{"uv":[8.999,5.251,8.501,5.999],"texture":"#texture"}}},{"from":[7.25,8,9],"to":[8,8.25,9.5],"faces":{"down":{"uv":[9.499,9.001,9.001,9.749],"rotation":90,"texture":"#texture"},"south":{"uv":[14.501,14.251,15.249,14.499],"texture":"#texture"},"west":{"uv":[9.001,5.251,9.499,5.499],"texture":"#texture"},"east":{"uv":[9.499,5.499,9.001,5.251],"texture":"#texture"}}},{"from":[7.25,7.75,9],"to":[8,8,9.25],"faces":{"down":{"uv":[9.001,9.001,9.249,9.749],"rotation":90,"texture":"#texture"},"south":{"uv":[14.501,14.501,15.249,14.749],"texture":"#texture"},"west":{"uv":[9.001,5.251,9.249,5.499],"texture":"#texture"},"east":{"uv":[9.001,5.499,9.249,5.251],"texture":"#texture"}}},{"from":[7.25,9.5,9.75],"to":[8,9.75,10],"faces":{"down":{"uv":[9.749,9.001,9.501,9.749],"rotation":90,"texture":"#texture"},"south":{"uv":[3.501,12.751,4.249,12.999],"texture":"#texture"},"west":{"uv":[9.751,3.751,9.999,3.999],"texture":"#texture"},"east":{"uv":[9.999,3.999,9.751,3.751],"texture":"#texture"}}},{"from":[7.25,8.25,9.75],"to":[8,9,10],"faces":{"down":{"uv":[9.751,9.001,9.999,9.749],"rotation":90,"texture":"#texture"},"up":{"uv":[9.751,9.001,9.999,9.749],"rotation":90,"texture":"#texture"},"south":{"uv":[3.501,13.501,4.249,14.249],"texture":"#texture"},"west":{"uv":[9.751,4.501,9.999,5.249],"texture":"#texture"},"east":{"uv":[9.999,4.501,9.751,5.249],"texture":"#texture"}}},{"from":[7.25,8.25,10],"to":[8,8.75,10.5],"faces":{"down":{"uv":[10.499,9.001,10.001,9.749],"rotation":90,"texture":"#texture"},"up":{"uv":[10.001,9.001,10.499,9.749],"rotation":90,"texture":"#texture"},"south":{"uv":[3.501,13.751,4.249,14.249],"texture":"#texture"},"west":{"uv":[10.001,4.751,10.499,5.249],"texture":"#texture"},"east":{"uv":[10.499,4.751,10.001,5.249],"texture":"#texture"}}},{"from":[7.25,7.25,10.5],"to":[8,8.5,11.75],"faces":{"down":{"uv":[11.749,9.001,10.501,9.749],"rotation":90,"texture":"#texture"},"up":{"uv":[10.501,9.001,11.749,9.749],"rotation":90,"texture":"#texture"},"north":{"uv":[1.501,14.001,2.249,15.249],"texture":"#texture"},"south":{"uv":[3.501,14.001,4.249,15.249],"texture":"#texture"},"west":{"uv":[10.501,5.001,11.749,6.249],"texture":"#texture"},"east":{"uv":[11.749,5.001,10.501,6.249],"texture":"#texture"}}},{"from":[7.25,9.75,10.25],"to":[8,11,13.25],"faces":{"down":{"uv":[13.249,9.001,10.251,9.749],"rotation":90,"texture":"#texture"},"up":{"uv":[10.251,9.001,13.249,9.749],"rotation":90,"texture":"#texture"},"south":{"uv":[3.501,11.501,4.249,12.749],"texture":"#texture"},"west":{"uv":[10.251,2.501,13.249,3.749],"texture":"#texture"},"east":{"uv":[13.249,2.501,10.251,3.749],"texture":"#texture"}}},{"from":[7.25,9.75,13.25],"to":[8,10.75,14],"faces":{"south":{"uv":[3.501,11.751,4.249,12.749],"texture":"#texture"},"west":{"uv":[13.251,2.751,13.999,3.749],"texture":"#texture"},"east":{"uv":[13.999,2.751,13.251,3.749],"texture":"#texture"}}},{"from":[7.25,9,12],"to":[8,9.75,14.5],"faces":{"down":{"uv":[14.499,9.001,12.001,9.749],"rotation":90,"texture":"#texture"},"up":{"uv":[12.001,9.001,14.499,9.749],"rotation":90,"texture":"#texture"},"north":{"uv":[1.501,12.751,2.249,13.499],"texture":"#texture"},"south":{"uv":[3.501,12.751,4.249,13.499],"texture":"#texture"},"west":{"uv":[12.001,3.751,14.499,4.499],"texture":"#texture"},"east":{"uv":[14.499,3.751,12.001,4.499],"texture":"#texture"}}},{"from":[7.25,9.5,11.5],"to":[8,9.75,12],"faces":{"down":{"uv":[11.999,9.001,11.501,9.749],"rotation":90,"texture":"#texture"},"north":{"uv":[1.501,12.751,2.249,12.999],"texture":"#texture"},"west":{"uv":[11.501,3.751,11.999,3.999],"texture":"#texture"},"east":{"uv":[11.999,3.751,11.501,3.999],"texture":"#texture"}}},{"from":[7.25,8.5,12],"to":[8,9,13],"faces":{"down":{"uv":[12.999,9.001,12.001,9.749],"rotation":90,"texture":"#texture"},"north":{"uv":[1.501,13.501,2.249,13.999],"texture":"#texture"},"south":{"uv":[3.501,13.501,4.249,13.999],"texture":"#texture"},"west":{"uv":[12.001,4.501,12.999,4.999],"texture":"#texture"},"east":{"uv":[12.999,4.501,12.001,4.999],"texture":"#texture"}}},{"from":[7.25,8.75,14],"to":[8,9,14.5],"faces":{"down":{"uv":[14.499,10.001,14.001,10.749],"rotation":90,"texture":"#texture"},"north":{"uv":[1.501,13.501,2.249,13.749],"texture":"#texture"},"south":{"uv":[3.501,13.501,4.249,13.749],"texture":"#texture"},"west":{"uv":[14.001,4.501,14.499,4.749],"texture":"#texture"},"east":{"uv":[14.499,4.501,14.001,4.749],"texture":"#texture"}}},{"from":[7.25,8.5,14],"to":[8,8.75,14.25],"faces":{"down":{"uv":[14.249,10.001,14.001,10.749],"rotation":90,"texture":"#texture"},"north":{"uv":[1.501,13.751,2.249,13.999],"texture":"#texture"},"south":{"uv":[3.501,13.751,4.249,13.999],"texture":"#texture"},"west":{"uv":[14.001,4.751,14.249,4.999],"texture":"#texture"},"east":{"uv":[14.001,4.751,14.249,4.999],"texture":"#texture"}}},{"from":[7.25,7.5,11.75],"to":[8,8.5,12.5],"faces":{"down":{"uv":[12.499,9.001,12.001,9.749],"rotation":90,"texture":"#texture"},"up":{"uv":[12.001,9.001,12.499,9.749],"rotation":90,"texture":"#texture"},"south":{"uv":[3.501,14.001,4.249,14.999],"texture":"#texture"},"west":{"uv":[11.751,5.001,12.499,5.999],"texture":"#texture"},"east":{"uv":[12.499,5.001,11.751,5.999],"texture":"#texture"}}},{"from":[7.25,7.75,12.5],"to":[8,8.5,12.75],"faces":{"down":{"uv":[12.501,9.001,12.749,9.749],"rotation":90,"texture":"#texture"},"south":{"uv":[3.501,14.001,4.249,14.749],"texture":"#texture"},"west":{"uv":[12.501,5.001,12.749,5.749],"texture":"#texture"},"east":{"uv":[12.501,5.001,12.749,5.749],"texture":"#texture"}}},{"from":[7.5,9,9.75],"to":[7.75,9.5,10],"faces":{"west":{"uv":[9.751,4.001,9.999,4.499],"texture":"#texture"},"east":{"uv":[9.751,4.001,9.999,4.499],"texture":"#texture"}}},{"from":[7.5,8.75,10],"to":[7.75,9.75,10.75],"faces":{"south":{"uv":[2.749,13.001,2.501,13.749],"texture":"#texture"},"west":{"uv":[10.001,3.751,10.749,4.749],"texture":"#texture"},"east":{"uv":[10.749,3.751,10.001,4.749],"texture":"#texture"}}},{"from":[7.5,8.5,10.5],"to":[7.75,8.75,11.25],"faces":{"up":{"uv":[10.501,9.251,11.249,9.499],"rotation":90,"texture":"#texture"},"south":{"uv":[2.501,13.751,2.749,13.999],"texture":"#texture"},"west":{"uv":[10.501,4.751,11.249,4.999],"texture":"#texture"},"east":{"uv":[11.249,4.751,10.501,4.999],"texture":"#texture"}}},{"from":[7.5,9.5,10.75],"to":[7.75,9.75,11],"faces":{"down":{"uv":[10.751,9.251,10.999,9.499],"rotation":90,"texture":"#texture"},"south":{"uv":[2.501,13.001,2.749,13.249],"texture":"#texture"},"west":{"uv":[10.751,3.751,10.999,3.999],"texture":"#texture"},"east":{"uv":[10.751,3.751,10.999,3.999],"texture":"#texture"}}},{"from":[7,10.75,13.25],"to":[8.25,12,14.25],"faces":{"down":{"uv":[10.499,14.751,9.501,15.999],"rotation":90,"texture":"#texture"},"up":{"uv":[9.501,13.501,10.499,14.749],"rotation":90,"texture":"#texture"},"north":{"uv":[5.501,12.001,6.749,13.499],"texture":"#texture"},"south":{"uv":[7.501,12.251,8.749,13.499],"texture":"#texture"},"west":{"uv":[13.251,1.501,14.249,2.749],"texture":"#texture"},"east":{"uv":[14.249,1.501,13.251,2.749],"texture":"#texture"}}},{"from":[7,12,10.25],"to":[8.25,13,13.25],"faces":{"down":{"uv":[9.499,14.751,6.501,15.999],"rotation":90,"texture":"#texture"},"up":{"uv":[6.501,13.501,9.499,14.749],"rotation":90,"texture":"#texture"},"north":{"uv":[5.501,11.251,6.749,12.249],"texture":"#texture"},"south":{"uv":[7.501,11.251,8.749,12.249],"texture":"#texture"},"west":{"uv":[10.251,0.501,13.249,1.499],"texture":"#texture"},"east":{"uv":[13.249,0.501,10.251,1.499],"texture":"#texture"}}},{"from":[6.75,11.25,9.5],"to":[7,12.5,10.25],"faces":{"down":{"uv":[10.499,12.251,9.751,12.499],"rotation":90,"texture":"#texture"},"up":{"uv":[9.751,11.751,10.499,11.999],"rotation":90,"texture":"#texture"},"north":{"uv":[6.751,11.751,6.999,12.999],"texture":"#texture"},"south":{"uv":[8.751,11.751,8.999,12.999],"texture":"#texture"},"west":{"uv":[9.501,1.001,10.249,2.249],"texture":"#texture"},"east":{"uv":[10.249,1.001,9.501,2.249],"texture":"#texture"}}},{"from":[8.25,11.25,9.5],"to":[8.5,12.5,10.25],"faces":{"down":{"uv":[10.499,12.251,9.751,12.499],"rotation":90,"texture":"#texture"},"up":{"uv":[9.751,11.751,10.499,11.999],"rotation":90,"texture":"#texture"},"north":{"uv":[5.499,11.751,5.251,12.999],"texture":"#texture"},"south":{"uv":[7.499,11.751,7.251,12.999],"texture":"#texture"},"west":{"uv":[9.501,1.001,10.249,2.249],"texture":"#texture"},"east":{"uv":[10.249,1.001,9.501,2.249],"texture":"#texture"}}},{"from":[6.75,11,9],"to":[7,11.5,9.5],"faces":{"up":{"uv":[9.251,11.751,9.749,11.999],"rotation":90,"texture":"#texture"},"north":{"uv":[6.751,12.751,6.999,13.249],"texture":"#texture"},"west":{"uv":[9.001,2.001,9.499,2.499],"texture":"#texture"}}},{"from":[8.25,11,9],"to":[8.5,11.5,9.5],"faces":{"up":{"uv":[9.251,11.751,9.749,11.999],"rotation":90,"texture":"#texture"},"north":{"uv":[5.251,12.751,5.499,13.249],"texture":"#texture"},"east":{"uv":[9.499,2.001,9.001,2.499],"texture":"#texture"}}},{"from":[8.25,11.5,9.25],"to":[8.5,12,9.5],"faces":{"up":{"uv":[9.501,11.751,9.749,11.999],"rotation":90,"texture":"#texture"},"north":{"uv":[5.251,12.751,5.499,13.249],"texture":"#texture"},"west":{"uv":[9.251,1.501,9.499,1.999],"texture":"#texture"},"east":{"uv":[9.499,1.501,9.251,1.999],"texture":"#texture"}}},{"from":[6.75,11.5,9.25],"to":[7,12,9.5],"faces":{"up":{"uv":[9.501,11.751,9.749,11.999],"rotation":90,"texture":"#texture"},"north":{"uv":[6.751,12.251,6.999,12.749],"texture":"#texture"},"west":{"uv":[9.251,1.501,9.499,1.999],"texture":"#texture"},"east":{"uv":[9.499,1.501,9.251,1.999],"texture":"#texture"}}},{"from":[8.25,11,9.5],"to":[8.5,11.25,10],"faces":{"south":{"uv":[7.251,13.251,7.499,13.499],"texture":"#texture"},"east":{"uv":[9.501,2.001,9.999,2.249],"texture":"#texture"}}},{"from":[6.75,11,9.5],"to":[7,11.25,10],"faces":{"south":{"uv":[5.251,13.251,5.499,13.499],"texture":"#texture"},"west":{"uv":[9.999,2.001,9.501,2.249],"texture":"#texture"}}},{"from":[7,12.5,9.75],"to":[8.25,12.75,10.25],"faces":{"down":{"uv":[6.499,14.751,6.001,15.999],"rotation":90,"texture":"#texture"},"up":{"uv":[6.001,13.501,6.499,14.749],"rotation":90,"texture":"#texture"},"north":{"uv":[5.501,11.501,6.749,11.749],"texture":"#texture"},"west":{"uv":[9.751,0.751,10.249,0.999],"texture":"#texture"},"east":{"uv":[10.249,0.751,9.751,0.999],"texture":"#texture"}}},{"from":[7,11.75,13],"to":[8.25,12,13.25],"faces":{"down":{"uv":[9.251,14.751,9.499,15.999],"rotation":90,"texture":"#texture"},"north":{"uv":[5.501,11.751,6.749,11.999],"texture":"#texture"},"west":{"uv":[13.001,1.501,13.249,1.749],"texture":"#texture"},"east":{"uv":[13.001,1.501,13.249,1.749],"texture":"#texture"}}},{"from":[7,12,13.25],"to":[8.25,12.75,13.75],"faces":{"up":{"uv":[9.501,13.501,9.999,14.749],"rotation":90,"texture":"#texture"},"south":{"uv":[7.501,11.501,8.749,12.249],"texture":"#texture"},"west":{"uv":[13.251,0.751,13.749,1.499],"texture":"#texture"},"east":{"uv":[13.749,0.751,13.251,1.499],"texture":"#texture"}}},{"from":[7,12,13.75],"to":[8.25,12.5,14],"faces":{"up":{"uv":[10.001,13.501,10.249,14.749],"rotation":90,"texture":"#texture"},"south":{"uv":[7.501,11.751,8.749,12.249],"texture":"#texture"},"west":{"uv":[13.751,1.001,13.999,1.499],"texture":"#texture"},"east":{"uv":[13.751,1.001,13.999,1.499],"texture":"#texture"}}},{"from":[7.25,10,14],"to":[8,10.75,15.5],"faces":{"down":{"uv":[15.249,9.001,14.001,9.749],"rotation":90,"texture":"#texture"},"up":{"uv":[14.001,7.001,15.249,7.749],"rotation":90,"texture":"#texture"},"south":{"uv":[3.501,11.751,4.249,12.499],"texture":"#texture"},"west":{"uv":[14.001,2.751,15.499,3.499],"texture":"#texture"},"east":{"uv":[15.499,2.751,14.001,3.499],"texture":"#texture"}}}],"display":{"thirdperson_righthand":{"rotation":[0,180,0],"translation":[0,-0.9,0],"scale":[1,1,1 ]},"ground":{"scale":[2,2,2 ]},"head":{"scale":[2,2,2]},"fixed":{"rotation":[90,135,-90],"translation":[1,0,-0.5],"scale":[1.6,1.6,1.6 ]},"firstperson_righthand":{"rotation":[3,172,0],"translation":[-0.5,0,2],"scale":[1.7,1.7,1.7 ]},"gui":{"rotation":[90,-135,90],"translation":[-1.5,-1.5,0],"scale":[1.2,1.2,1.2 ]}}}