{"ambientocclusion":false,"elements":[{"from":[7.25,8,0.5],"to":[8,10,0.75],"faces":{"down":{"uv":[0.501,7.001,0.749,7.749],"rotation":90,"texture":"#texture"},"up":{"uv":[0.501,6.001,0.749,6.749],"rotation":90,"texture":"#texture"},"north":{"uv":[0.501,8.751,1.249,10.749],"texture":"#texture","cullface":"north"},"west":{"uv":[0.501,1.001,0.749,2.999],"texture":"#texture"},"east":{"uv":[0.501,1.001,0.749,2.999],"texture":"#texture"}}},{"from":[7.25,8,1.75],"to":[8,10,2],"faces":{"down":{"uv":[1.751,7.001,1.999,7.749],"rotation":90,"texture":"#texture"},"up":{"uv":[1.751,6.001,1.999,6.749],"rotation":90,"texture":"#texture"},"south":{"uv":[1.501,8.751,2.249,10.749],"texture":"#texture"},"west":{"uv":[1.751,1.001,1.999,2.999],"texture":"#texture"},"east":{"uv":[1.751,1.001,1.999,2.999],"texture":"#texture"}}},{"from":[7.25,7.75,0.75],"to":[8,10,1.75],"faces":{"down":{"uv":[1.749,7.001,0.751,7.749],"rotation":90,"texture":"#texture"},"up":{"uv":[0.751,6.001,1.749,6.749],"rotation":90,"texture":"#texture"},"north":{"uv":[0.501,8.751,1.249,10.999],"texture":"#texture"},"south":{"uv":[1.501,8.751,2.249,10.999],"texture":"#texture"},"west":{"uv":[0.751,1.001,1.749,3.249],"texture":"#texture"},"east":{"uv":[1.749,1.001,0.751,3.249],"texture":"#texture"}}},{"from":[7.25,8.5,2],"to":[8,9.75,3],"faces":{"down":{"uv":[2.999,7.001,2.001,7.749],"rotation":90,"texture":"#texture"},"up":{"uv":[2.001,6.001,2.999,6.749],"rotation":90,"texture":"#texture"},"west":{"uv":[2.001,1.251,2.999,2.499],"texture":"#texture"},"east":{"uv":[2.999,1.251,2.001,2.499],"texture":"#texture"}}},{"from":[7.25,8.25,3],"to":[8,9.75,7.75],"faces":{"down":{"uv":[7.749,7.001,3.001,7.749],"rotation":90,"texture":"#texture"},"up":{"uv":[3.001,6.001,7.749,6.749],"rotation":90,"texture":"#texture"},"north":{"uv":[4.501,7.751,5.249,9.249],"texture":"#texture"},"south":{"uv":[4.501,8.001,5.249,9.499],"texture":"#texture"},"west":{"uv":[3.001,1.251,7.749,2.749],"texture":"#texture"},"east":{"uv":[7.749,1.251,3.001,2.749],"texture":"#texture"}}},{"from":[7.25,8.5,7.75],"to":[8,9.75,9.5],"faces":{"down":{"uv":[9.499,7.001,7.751,7.749],"rotation":90,"texture":"#texture"},"up":{"uv":[7.751,6.001,9.499,6.749],"rotation":90,"texture":"#texture"},"south":{"uv":[12.501,8.501,13.249,9.749],"texture":"#texture"},"west":{"uv":[7.751,1.251,9.499,2.499],"texture":"#texture"},"east":{"uv":[9.499,1.251,7.751,2.499],"texture":"#texture"}}},{"from":[7.25,8.5,9.5],"to":[8,9.5,12.25],"faces":{"down":{"uv":[12.249,7.001,9.501,7.749],"rotation":90,"texture":"#texture"},"up":{"uv":[9.501,6.001,12.249,6.749],"rotation":90,"texture":"#texture"},"south":{"uv":[12.501,8.751,13.249,9.749],"texture":"#texture"},"west":{"uv":[9.501,1.501,12.249,2.499],"texture":"#texture"},"east":{"uv":[12.249,1.501,9.501,2.499],"texture":"#texture"}}},{"from":[7.5,9.5,9.5],"to":[7.75,9.75,12],"faces":{"up":{"uv":[9.501,6.251,11.999,6.499],"rotation":90,"texture":"#texture"},"south":{"uv":[12.751,8.501,12.999,8.749],"texture":"#texture"},"west":{"uv":[9.501,1.251,11.999,1.499],"texture":"#texture"},"east":{"uv":[11.999,1.251,9.501,1.499],"texture":"#texture"}}},{"from":[7.5,9.25,12.25],"to":[7.75,9.5,14.5],"faces":{"down":{"uv":[14.499,7.251,12.251,7.499],"rotation":90,"texture":"#texture"},"up":{"uv":[12.251,6.251,14.499,6.499],"rotation":90,"texture":"#texture"},"west":{"uv":[12.251,1.751,14.499,1.999],"texture":"#texture"},"east":{"uv":[14.499,1.751,12.251,1.999],"texture":"#texture"}}},{"from":[7.375,9.125,14.5],"to":[7.875,9.625,15.75],"faces":{"down":{"uv":[15.749,7.251,14.501,7.749],"rotation":90,"texture":"#texture"},"up":{"uv":[14.501,6.251,15.749,6.749],"rotation":90,"texture":"#texture"},"north":{"uv":[13.501,9.251,13.999,9.749],"texture":"#texture"},"south":{"uv":[14.001,9.251,14.499,9.749],"texture":"#texture"},"west":{"uv":[14.501,1.501,15.749,1.999],"texture":"#texture"},"east":{"uv":[15.749,1.501,14.501,1.999],"texture":"#texture"}}},{"from":[7.25,9.75,8.25],"to":[8,10.25,8.5],"faces":{"up":{"uv":[14.751,2.751,14.999,3.499],"rotation":90,"texture":"#texture"},"north":{"uv":[10.751,9.251,11.499,9.749],"texture":"#texture"},"south":{"uv":[11.501,9.251,12.249,9.749],"texture":"#texture"},"west":{"uv":[9.251,0.751,9.499,1.249],"texture":"#texture"},"east":{"uv":[9.251,0.751,9.499,1.249],"texture":"#texture"}}},{"from":[7.25,10.25,7.75],"to":[8,10.5,8.25],"faces":{"down":{"uv":[14.749,3.751,14.251,4.499],"rotation":90,"texture":"#texture"},"up":{"uv":[14.251,2.751,14.749,3.499],"rotation":90,"texture":"#texture"},"north":{"uv":[10.751,9.001,11.499,9.249],"texture":"#texture"},"south":{"uv":[11.501,9.001,12.249,9.249],"texture":"#texture"},"west":{"uv":[8.751,0.501,9.249,0.749],"texture":"#texture"},"east":{"uv":[9.249,0.501,8.751,0.749],"texture":"#texture"}}},{"from":[7.25,10.5,4.5],"to":[8,10.75,8],"faces":{"down":{"uv":[14.499,3.751,11.001,4.499],"rotation":90,"texture":"#texture"},"up":{"uv":[11.001,2.751,14.499,3.499],"rotation":90,"texture":"#texture"},"north":{"uv":[9.751,8.751,10.499,8.999],"texture":"#texture"},"south":{"uv":[11.501,8.751,12.249,8.999],"texture":"#texture"},"west":{"uv":[5.501,0.251,8.999,0.499],"texture":"#texture"},"east":{"uv":[8.999,0.251,5.501,0.499],"texture":"#texture"}}},{"from":[7.25,9.75,4.25],"to":[8,10.5,5],"faces":{"up":{"uv":[10.751,2.751,11.499,3.499],"rotation":90,"texture":"#texture"},"north":{"uv":[9.751,9.001,10.499,9.749],"texture":"#texture"},"south":{"uv":[9.001,9.001,9.749,9.749],"texture":"#texture"},"west":{"uv":[5.251,0.501,5.999,1.249],"texture":"#texture"},"east":{"uv":[5.999,0.501,5.251,1.249],"texture":"#texture"}}},{"from":[7.25,10,8],"to":[8,10.25,8.25],"faces":{"down":{"uv":[14.501,3.751,14.749,4.499],"rotation":90,"texture":"#texture"},"north":{"uv":[10.751,9.251,11.499,9.499],"texture":"#texture"},"west":{"uv":[9.001,0.751,9.249,0.999],"texture":"#texture"},"east":{"uv":[9.001,0.751,9.249,0.999],"texture":"#texture"}}},{"from":[7.5,8,3],"to":[7.75,8.25,4.75],"faces":{"down":{"uv":[7.749,5.251,6.001,5.499],"rotation":90,"texture":"#texture"},"north":{"uv":[2.251,2.751,2.499,2.999],"texture":"#texture"},"south":{"uv":[2.501,2.751,2.749,2.999],"texture":"#texture"},"west":{"uv":[3.001,2.751,4.749,2.999],"texture":"#texture"},"east":{"uv":[4.749,2.751,3.001,2.999],"texture":"#texture"}}},{"from":[7.5,7.25,3.25],"to":[7.75,8,5],"faces":{"down":{"uv":[7.999,5.251,6.251,5.499],"rotation":90,"texture":"#texture"},"up":{"uv":[6.251,5.001,7.999,5.249],"rotation":90,"texture":"#texture"},"north":{"uv":[2.251,3.001,2.499,3.749],"texture":"#texture"},"south":{"uv":[2.501,3.001,2.749,3.749],"texture":"#texture"},"west":{"uv":[3.251,3.001,4.999,3.749],"texture":"#texture"},"east":{"uv":[4.999,3.001,3.251,3.749],"texture":"#texture"}}},{"from":[7.5,6.75,3.5],"to":[7.75,7.25,5.25],"faces":{"down":{"uv":[8.249,5.251,6.501,5.499],"rotation":90,"texture":"#texture"},"up":{"uv":[6.501,5.001,8.249,5.249],"rotation":90,"texture":"#texture"},"north":{"uv":[2.251,3.751,2.499,4.249],"texture":"#texture"},"south":{"uv":[2.501,4.001,2.749,4.499],"texture":"#texture"},"west":{"uv":[3.501,3.751,5.249,4.249],"texture":"#texture"},"east":{"uv":[5.249,3.751,3.501,4.249],"texture":"#texture"}}},{"from":[7.5,6.25,3.75],"to":[7.75,6.75,5.5],"faces":{"down":{"uv":[8.499,5.251,6.751,5.499],"rotation":90,"texture":"#texture"},"up":{"uv":[6.751,5.001,8.499,5.249],"rotation":90,"texture":"#texture"},"north":{"uv":[2.251,4.251,2.499,4.749],"texture":"#texture"},"south":{"uv":[2.501,4.251,2.749,4.749],"texture":"#texture"},"west":{"uv":[3.751,4.251,5.499,4.749],"texture":"#texture"},"east":{"uv":[5.499,4.251,3.751,4.749],"texture":"#texture"}}},{"from":[7.5,6.75,5.25],"to":[7.75,7,5.5],"faces":{"up":{"uv":[8.251,5.001,8.499,5.249],"texture":"#texture"},"south":{"uv":[2.501,4.251,2.749,4.499],"texture":"#texture"},"west":{"uv":[5.251,4.001,5.499,4.249],"texture":"#texture"},"east":{"uv":[5.251,4.001,5.499,4.249],"texture":"#texture"}}},{"from":[7.5,5.75,4],"to":[7.75,6.25,5.5],"faces":{"down":{"uv":[8.499,5.251,7.001,5.499],"rotation":90,"texture":"#texture"},"north":{"uv":[2.251,4.751,2.499,5.249],"texture":"#texture"},"south":{"uv":[2.501,4.751,2.749,5.249],"texture":"#texture"},"west":{"uv":[4.001,4.751,5.499,5.249],"texture":"#texture"},"east":{"uv":[5.499,4.751,4.001,5.249],"texture":"#texture"}}},{"from":[7.5,6,5.5],"to":[7.75,6.5,5.75],"faces":{"down":{"uv":[8.501,5.251,8.749,5.499],"texture":"#texture"},"up":{"uv":[8.501,5.001,8.749,5.249],"texture":"#texture"},"north":{"uv":[2.251,4.501,2.499,4.999],"texture":"#texture"},"south":{"uv":[2.501,4.501,2.749,4.999],"texture":"#texture"},"west":{"uv":[5.501,4.501,5.749,4.999],"texture":"#texture"},"east":{"uv":[5.501,4.501,5.749,4.999],"texture":"#texture"}}},{"from":[7.5,5.5,4.25],"to":[7.75,5.75,5.25],"faces":{"down":{"uv":[8.249,5.251,7.251,5.499],"rotation":90,"texture":"#texture"},"north":{"uv":[2.251,5.251,2.499,5.499],"texture":"#texture"},"south":{"uv":[2.501,5.251,2.749,5.499],"texture":"#texture"},"west":{"uv":[4.251,5.251,5.249,5.499],"texture":"#texture"},"east":{"uv":[5.249,5.251,4.251,5.499],"texture":"#texture"}}},{"from":[7.5,5.25,4.5],"to":[7.75,5.5,5],"faces":{"down":{"uv":[7.999,5.251,7.501,5.499],"rotation":90,"texture":"#texture"},"north":{"uv":[2.251,5.501,2.499,5.749],"texture":"#texture"},"south":{"uv":[2.501,5.501,2.749,5.749],"texture":"#texture"},"west":{"uv":[4.501,5.501,4.999,5.749],"texture":"#texture"},"east":{"uv":[4.999,5.501,4.501,5.749],"texture":"#texture"}}},{"from":[7.5,7.5,6.75],"to":[7.75,8.25,7.5],"faces":{"down":{"uv":[10.499,5.251,9.751,5.499],"rotation":90,"texture":"#texture"},"north":{"uv":[7.001,8.251,7.249,8.999],"texture":"#texture"},"south":{"uv":[7.251,8.251,7.499,8.999],"texture":"#texture"},"west":{"uv":[6.751,2.751,7.499,3.499],"texture":"#texture"},"east":{"uv":[7.499,2.751,6.751,3.499],"texture":"#texture"}}},{"from":[7.5,7.75,7.5],"to":[7.75,8.25,7.75],"faces":{"down":{"uv":[10.501,5.251,10.749,5.499],"texture":"#texture"},"south":{"uv":[7.251,8.251,7.499,8.749],"texture":"#texture"},"west":{"uv":[7.501,2.751,7.749,3.249],"texture":"#texture"},"east":{"uv":[7.501,2.751,7.749,3.249],"texture":"#texture"}}},{"from":[7.5,7.5,6.5],"to":[7.75,8,6.75],"faces":{"up":{"uv":[9.501,5.251,9.749,5.499],"texture":"#texture"},"north":{"uv":[7.001,8.501,7.249,8.999],"texture":"#texture"},"west":{"uv":[6.501,3.001,6.749,3.499],"texture":"#texture"},"east":{"uv":[6.501,3.001,6.749,3.499],"texture":"#texture"}}},{"from":[7.5,6.5,6.5],"to":[7.75,7.5,7.25],"faces":{"down":{"uv":[10.249,5.251,9.501,5.499],"rotation":90,"texture":"#texture"},"up":{"uv":[9.501,5.001,10.249,5.249],"rotation":90,"texture":"#texture"},"north":{"uv":[7.001,9.001,7.249,9.999],"texture":"#texture"},"south":{"uv":[7.251,9.001,7.499,9.999],"texture":"#texture"},"west":{"uv":[6.501,3.501,7.249,4.499],"texture":"#texture"},"east":{"uv":[7.249,3.501,6.501,4.499],"texture":"#texture"}}},{"from":[7.5,9.75,11.75],"to":[7.75,10.25,12],"faces":{"up":{"uv":[13.251,0.501,13.499,0.749],"texture":"#texture"},"north":{"uv":[13.001,0.751,13.249,1.249],"texture":"#texture"},"south":{"uv":[13.251,0.751,13.499,1.249],"texture":"#texture"},"west":{"uv":[11.751,0.751,11.999,1.249],"texture":"#texture"},"east":{"uv":[11.751,0.751,11.999,1.249],"texture":"#texture"}}},{"from":[7.5,6.75,6.25],"to":[7.75,7.5,6.5],"faces":{"down":{"uv":[9.251,5.251,9.499,5.499],"texture":"#texture"},"up":{"uv":[9.251,5.001,9.499,5.249],"texture":"#texture"},"north":{"uv":[7.001,9.001,7.249,9.749],"texture":"#texture"},"west":{"uv":[6.251,3.501,6.499,4.249],"texture":"#texture"},"east":{"uv":[6.251,3.501,6.499,4.249],"texture":"#texture"}}},{"from":[7.5,7.75,7.75],"to":[7.75,8,8.5],"faces":{"down":{"uv":[11.499,5.251,10.751,5.499],"rotation":90,"texture":"#texture"},"up":{"uv":[10.751,5.001,11.499,5.249],"rotation":90,"texture":"#texture"},"west":{"uv":[7.751,3.001,8.499,3.249],"texture":"#texture"},"east":{"uv":[8.499,3.001,7.751,3.249],"texture":"#texture"}}},{"from":[7.5,7.25,8.5],"to":[7.75,8,9.25],"faces":{"down":{"uv":[12.249,5.001,11.501,5.249],"rotation":90,"texture":"#texture"},"up":{"uv":[11.501,5.251,12.249,5.499],"rotation":90,"texture":"#texture"},"north":{"uv":[7.501,8.751,7.749,9.499],"texture":"#texture"},"south":{"uv":[7.751,8.751,7.999,9.499],"texture":"#texture"},"west":{"uv":[8.501,3.001,9.249,3.749],"texture":"#texture"},"east":{"uv":[9.249,3.001,8.501,3.749],"texture":"#texture"}}},{"from":[7.5,8,9],"to":[7.75,8.5,9.75],"faces":{"down":{"uv":[12.499,5.251,11.751,5.499],"rotation":90,"texture":"#texture"},"up":{"uv":[11.751,5.001,12.499,5.249],"rotation":90,"texture":"#texture"},"north":{"uv":[7.501,8.251,7.749,8.749],"texture":"#texture"},"south":{"uv":[7.751,8.251,7.999,8.749],"texture":"#texture"},"west":{"uv":[8.751,2.501,9.499,2.999],"texture":"#texture"},"east":{"uv":[9.499,2.501,8.751,2.999],"texture":"#texture"}}}],"display":{"thirdperson_righthand":{"rotation":[0,180,0],"translation":[0,0.5,-1],"scale":[1.4,1.4,1.4]},"fixed":{"rotation":[-45,90,0],"translation":[0,-0.5,-0.5],"scale":[3,3,3]},"ground":{"scale":[2,2,2]},"head":{"scale":[2,2,2]},"firstperson_righthand":{"rotation":[3,175,0],"translation":[-0.5,0,0],"scale":[1.7,1.7,1.7]},"gui":{"rotation":[90,-135,90],"translation":[-1.5,-1.5,0],"scale":[1.2,1.2,1.2]}}}