{
    "parent": "item/handheld",
    "textures": {
        "layer0": "items/bow_standby"
    },
    "overrides": [

	{"predicate":{"pulling": 1},"model": "item/bow_pulling_0"},
	{"predicate": {"pulling": 1,"pull": 0.65},"model": "item/bow_pulling_1"},
	{"predicate": {"pulling": 1,"pull": 0.9},"model": "item/bow_pulling_2"}, 
        {"predicate": {"damage": 0.007},"model": "guns/glock"},
        {"predicate": {"damage": 0.0129},"model": "camo/ak47"},
        {"predicate": {"damage": 0.0155},"model": "camo/ak47a"},
        {"predicate": {"damage": 0.0259},"model": "camo/m16"},
        {"predicate": {"damage": 0.0285},"model": "camo/m16a"},
        {"predicate": {"damage": 0.0389},"model": "camo/m1014"},
        {"predicate": {"damage": 0.0415},"model": "camo/m1014a"},
        {"predicate": {"damage": 0.0519},"model": "camo/m249"},
        {"predicate": {"damage": 0.0545},"model": "camo/m249a"},
        {"predicate": {"damage": 0.0649},"model": "camo/m40a3"},
        {"predicate": {"damage": 0.0675},"model": "camo/m40a3a"},
        {"predicate": {"damage": 0.0779},"model": "camo/m21"},
        {"predicate": {"damage": 0.0805},"model": "camo/m21a"},
        {"predicate": {"damage": 0.0909},"model": "camo/type95"},
        {"predicate": {"damage": 0.0935},"model": "camo/type95a"},
        {"predicate": {"damage": 0.1038},"model": "camo/p90"},
        {"predicate": {"damage": 0.1064},"model": "camo/p90a"},
        {"predicate": {"damage": 0.1558},"model": "display/frag"},
        {"predicate": {"damage": 0.1584},"model": "display/flash"},
        {"predicate": {"damage": 0.1610},"model": "display/c4"},
        {"predicate": {"damage": 0.1662},"model": "display/medicpack"},
        {"predicate": {"damage": 0.1688},"model": "display/barricade"},
        {"predicate": {"damage": 0.1714},"model": "display/drone"},
        {"predicate": {"damage": 0.1766},"model": "display/claymore"},
        {"predicate": {"damage": 0.1792},"model": "display/stun"},
        {"predicate": {"damage": 0.1844},"model": "display/wardog"},
        {"predicate": {"damage": 0.1870},"model": "display/betty"},
        {"predicate": {"damage": 0.1896},"model": "display/speedjolt"},
        {"predicate": {"damage": 0.1922},"model": "display/smoke"}]
}
