{
    "parent": "item/handheld",
    "textures": {
        "layer0": "items/shears"
    },
    "overrides": [
        {"predicate": {"damage": 0.004},"model": "equipment/knife"},
        {"predicate": {"damage": 0.0126},"model": "guns/glock"},
        {"predicate": {"damage": 0.021},"model": "camo/ak47"},
        {"predicate": {"damage": 0.0252},"model": "camo/ak47a"},
        {"predicate": {"damage": 0.042},"model": "camo/m16"},
        {"predicate": {"damage": 0.046},"model": "camo/m16a"},
        {"predicate": {"damage": 0.063},"model": "camo/m1014"},
        {"predicate": {"damage": 0.067},"model": "camo/m1014a"},
        {"predicate": {"damage": 0.084},"model": "camo/m249"},
        {"predicate": {"damage": 0.088},"model": "camo/m249a"},
        {"predicate": {"damage": 0.105},"model": "camo/m40a3"},
        {"predicate": {"damage": 0.109},"model": "camo/m40a3a"},
        {"predicate": {"damage": 0.126},"model": "camo/m21"},
        {"predicate": {"damage": 0.13},"model": "camo/m21a"},
        {"predicate": {"damage": 0.147},"model": "camo/type95"},
        {"predicate": {"damage": 0.151},"model": "camo/type95a"},
        {"predicate": {"damage": 0.168},"model": "camo/p90"},
        {"predicate": {"damage": 0.172},"model": "camo/p90a"},
        {"predicate": {"damage": 0.247},"model": "equipment/cue"},
        {"predicate": {"damage": 0.252},"model": "equipment/frag"},
        {"predicate": {"damage": 0.256},"model": "equipment/flash"},
        {"predicate": {"damage": 0.260},"model": "equipment/c4"},
        {"predicate": {"damage": 0.264},"model": "equipment/detonator"},
        {"predicate": {"damage": 0.268},"model": "equipment/medicpack/notused"},
        {"predicate": {"damage": 0.273},"model": "equipment/barricade"},
        {"predicate": {"damage": 0.277},"model": "equipment/drone"},
        {"predicate": {"damage": 0.281},"model": "equipment/guard"},
        {"predicate": {"damage": 0.285},"model": "equipment/claymore"},
        {"predicate": {"damage": 0.289},"model": "equipment/stun"},
        {"predicate": {"damage": 0.294},"model": "equipment/splash"},
        {"predicate": {"damage": 0.298},"model": "equipment/wardog"},
        {"predicate": {"damage": 0.302},"model": "equipment/betty"},
        {"predicate": {"damage": 0.306},"model": "equipment/speedjolt"},
        {"predicate": {"damage": 0.310},"model": "equipment/smoke"},
        {"predicate": {"damage": 0.314},"model": "equipment/cloud"},
        {"predicate": {"damage": 0.336},"model": "ammo/machine"},
        {"predicate": {"damage": 0.340},"model": "ammo/rifle"},
        {"predicate": {"damage": 0.344},"model": "ammo/p90"},
        {"predicate": {"damage": 0.348},"model": "ammo/shotgun"},
        {"predicate": {"damage": 0.352},"model": "ammo/sniper"},
        {"predicate": {"damage": 0.378},"model": "misc/back"},
        {"predicate": {"damage": 0.382},"model": "misc/loadout"},
        {"predicate": {"damage": 0.386},"model": "misc/lock"},
        {"predicate": {"damage": 0.390},"model": "misc/coin"},
        {"predicate": {"damage": 0.399},"model": "misc/scout"},
        {"predicate": {"damage": 0.403},"model": "misc/assault"},
        {"predicate": {"damage": 0.407},"model": "misc/infiltrator"},  
        {"predicate": {"damage": 0.411},"model": "misc/juggernaut"},
        {"predicate": {"damage": 0.441},"model": "equipment/effect/1"},
        {"predicate": {"damage": 0.445},"model": "equipment/effect/2"},
        {"predicate": {"damage": 0.449},"model": "equipment/effect/3"},
        {"predicate": {"damage": 0.453},"model": "equipment/effect/4"},
        {"predicate": {"damage": 0.457},"model": "equipment/effect/5"},
        {"predicate": {"damage": 0.462},"model": "equipment/effect/6"},
        {"predicate": {"damage": 0.466},"model": "equipment/effect/7"},
        {"predicate": {"damage": 0.470},"model": "equipment/effect/8"},
        {"predicate": {"damage": 0.474},"model": "equipment/effect/9"},
        {"predicate": {"damage": 0.478},"model": "equipment/effect/10"},
        {"predicate": {"damage": 0.483},"model": "equipment/effect/11"},
        {"predicate": {"damage": 0.487},"model": "equipment/effect/12"},
        {"predicate": {"damage": 0.491},"model": "equipment/effect/13"},
        {"predicate": {"damage": 0.495},"model": "equipment/effect/14"},
        {"predicate": {"damage": 0.5},"model": "equipment/medicpack/top2"}
		
    ]
}