{"textures":{"texture":"strike/ammo/machine"},"elements":[{"from":[6,0,4],"to":[11,4,12],"faces":{"down":{"uv":[7.499,10.999,3.001,8.501],"rotation":90,"texture":"#texture"},"up":{"uv":[3.00099,3.00099,7.499,5.499],"rotation":90,"texture":"#texture"},"north":{"uv":[0.001,2.50099,1.999,5.999],"texture":"#texture"},"south":{"uv":[8.501000,2.50099,10.498,5.999],"texture":"#texture"}}},{"from":[11,5,4],"to":[11.5,7,12],"faces":{"up":{"uv":[3.00099,10.501,7.499,10.998],"texture":"#texture"},"north":{"uv":[7.00099,8.501000,7.499,9.498],"texture":"#texture"},"south":{"uv":[3.00099,8.501000,3.499,9.498],"texture":"#texture"},"west":{"uv":[3.50099,8.501000,6.999,9.498],"texture":"#texture"},"east":{"uv":[3.00099,8.501000,7.499,9.498],"texture":"#texture"}}},{"from":[8.75,7.625,4],"to":[11.75,8.125,12],"rotation":{"origin":[8.75,8.125,4],"axis":"z","angle":-22.5 },"faces":{"down":{"uv":[3.501,10.001,6.999,10.499],"rotation":90,"texture":"#texture"},"up":{"uv":[3.50099,8.501000,6.999,8.998],"rotation":90,"texture":"#texture"},"north":{"uv":[3.00099,9.501000,3.499,10.998],"texture":"#texture"},"south":{"uv":[7.00099,9.501000,7.499,10.998],"texture":"#texture"},"west":{"uv":[3.50099,9.501000,6.999,10.998],"texture":"#texture"},"east":{"uv":[3.50099,9.501000,6.999,10.998],"texture":"#texture"}}},{"from":[6,4,4],"to":[11,5,4.5],"faces":{"up":{"uv":[2.50099,2.50099,2.999,5.999],"rotation":90,"texture":"#texture"},"north":{"uv":[2.00099,2.50099,2.499,5.999],"rotation":270,"texture":"#texture"},"south":{"uv":[2.00099,2.50099,2.499,5.999],"texture":"#texture"}}},{"from":[11,0,4],"to":[11.5,5,12],"faces":{"down":{"uv":[7.999,0.249,2.501,0.001],"rotation":90,"texture":"#texture"},"north":{"uv":[2.50099,0.001,2.749,2.499],"texture":"#texture"},"south":{"uv":[7.75099,0.001,7.999,2.499],"texture":"#texture"},"west":{"uv":[3.00099,0.001,7.499,2.499],"rotation":180,"texture":"#texture"},"east":{"uv":[3.00099,0.001,7.499,2.499],"texture":"#texture"}}},{"from":[6,4,11.5],"to":[11,5,12],"faces":{"up":{"uv":[7.75099,2.50099,7.999,5.999],"rotation":90,"texture":"#texture"},"north":{"uv":[8.001000,2.50099,8.498,5.999],"rotation":90,"texture":"#texture"},"south":{"uv":[8.001000,2.50099,8.498,5.999],"rotation":90,"texture":"#texture"}}},{"from":[5.5,0,4],"to":[6,5,12],"faces":{"down":{"uv":[2.501,8.499,7.999,8.251],"rotation":90,"texture":"#texture"},"up":{"uv":[2.50099,5.75099,7.999,5.999],"rotation":90,"texture":"#texture"},"north":{"uv":[7.75099,6.00099,7.999,8.498],"texture":"#texture"},"south":{"uv":[7.75099,6.00099,7.999,8.498],"texture":"#texture"},"west":{"uv":[3.00099,6.00099,7.499,8.498],"texture":"#texture"},"east":{"uv":[3.00099,6.00099,7.499,8.498],"texture":"#texture"}}}],"display":{"thirdperson_righthand":{"rotation":[45,-90,0],"translation":[0,3,1],"scale":[0.5,0.5,0.5 ]},"thirdperson_lefthand":{"rotation":[45,-90,0],"translation":[0,3,1],"scale":[-0.5,0.5,0.5 ]},"firstperson_righthand":{"translation":[0,3,0],"scale":[0.8,0.8,0.8 ]},"firstperson_lefthand":{"translation":[0,3,0],"scale":[-0.8,0.8,0.8 ]},"gui":{"rotation":[0,0,45],"translation":[-2.5,2.5,0]}}}