{"textures":{"texture":"strike/ammo/p90"},"elements":[{"from":[0,0,6],"to":[16,2,9],"faces":{"down":{"uv":[15.999,8.999,0.001,6.001],"texture":"#texture"},"up":{"uv":[0.001,6.001,15.999,8.999],"texture":"#texture"},"north":{"uv":[0.001,3.001,15.999,4.999],"texture":"#texture"},"south":{"uv":[0.001,3.001,15.999,4.999],"texture":"#texture"},"west":{"uv":[5.001,11.001,7.999,12.999],"texture":"#texture"},"east":{"uv":[1.001,11.001,3.999,12.999],"texture":"#texture"}}}],"display":{"thirdperson_righthand":{"rotation":[90,90,0],"translation":[0,3,5],"scale":[0.5,0.5,0.5 ]},"firstperson_righthand":{"rotation":[70,90,0],"translation":[0,2,4],"scale":[0.8,0.8,0.8]},"gui":{"rotation":[90,-45,0]}}}