{"textures":{"texture":"strike/ammo/rifle"},"elements":[{"from":[7,7,3],"to":[8,14,7],"faces":{"down":{"uv":[1.001,14.999,4.999,14.001],"rotation":90,"texture":"#texture"},"up":{"uv":[1.001,13.001,4.999,13.999],"rotation":90,"texture":"#texture"},"north":{"uv":[11.001,0.001,11.999,6.999],"texture":"#texture"},"south":{"uv":[12.001,0.001,12.999,6.999],"texture":"#texture"},"west":{"uv":[1.001,0.001,4.999,6.999],"texture":"#texture"},"east":{"uv":[4.999,0.001,1.001,6.999],"texture":"#texture"}}},{"from":[7,4,5],"to":[8,6,11],"faces":{"down":{"uv":[3.001,14.999,8.999,14.001],"rotation":90,"texture":"#texture"},"up":{"uv":[3.001,13.001,8.999,13.999],"rotation":90,"texture":"#texture"},"north":{"uv":[11.001,8.001,11.999,9.999],"texture":"#texture"},"south":{"uv":[12.001,8.001,12.999,9.999],"texture":"#texture"},"west":{"uv":[3.001,8.001,8.999,9.999],"texture":"#texture"},"east":{"uv":[8.999,8.001,3.001,9.999],"texture":"#texture"}}},{"from":[7,6,3],"to":[8,7,9],"faces":{"down":{"uv":[1.001,14.999,6.999,14.001],"rotation":90,"texture":"#texture"},"up":{"uv":[1.001,13.001,6.999,13.999],"rotation":90,"texture":"#texture"},"north":{"uv":[12.001,7.001,12.999,7.999],"texture":"#texture"},"south":{"uv":[11.001,7.001,11.999,7.999],"texture":"#texture"},"west":{"uv":[1.001,7.001,6.999,7.999],"texture":"#texture"},"east":{"uv":[6.999,7.001,1.001,7.999],"texture":"#texture"}}},{"from":[7,7,7],"to":[8,9,8],"faces":{"down":{"uv":[5.999,14.999,5.001,14.001],"texture":"#texture"},"up":{"uv":[5.001,13.001,5.999,13.999],"texture":"#texture"},"north":{"uv":[11.001,5.001,11.999,6.999],"texture":"#texture"},"south":{"uv":[12.001,5.001,12.999,6.999],"texture":"#texture"},"west":{"uv":[5.001,5.001,5.999,6.999],"texture":"#texture"},"east":{"uv":[5.001,5.001,5.999,6.999],"texture":"#texture"}}},{"from":[7,2,8],"to":[8,3,10],"faces":{"down":{"uv":[7.999,14.999,6.001,14.001],"rotation":90,"texture":"#texture"},"up":{"uv":[6.001,13.001,7.999,13.999],"rotation":90,"texture":"#texture"},"north":{"uv":[12.001,11.001,12.999,11.999],"texture":"#texture"},"south":{"uv":[11.001,11.001,11.999,11.999],"texture":"#texture"},"west":{"uv":[6.001,11.001,7.999,11.999],"texture":"#texture"},"east":{"uv":[7.999,11.001,6.001,11.999],"texture":"#texture"}}},{"from":[7,3,6],"to":[8,4,10],"faces":{"down":{"uv":[7.999,14.999,4.001,14.001],"rotation":90,"texture":"#texture"},"up":{"uv":[4.001,13.001,7.999,13.999],"rotation":90,"texture":"#texture"},"north":{"uv":[11.001,10.001,11.999,10.999],"texture":"#texture"},"south":{"uv":[12.001,10.001,12.999,10.999],"texture":"#texture"},"west":{"uv":[4.001,10.001,7.999,10.999],"texture":"#texture"},"east":{"uv":[7.999,10.001,4.001,10.999],"texture":"#texture"}}},{"from":[7,5,4],"to":[8,6,5],"faces":{"down":{"uv":[2.999,14.999,2.001,14.001],"texture":"#texture"},"up":{"uv":[2.001,13.001,2.999,13.999],"texture":"#texture"},"north":{"uv":[11.001,8.001,11.999,8.999],"texture":"#texture"},"south":{"uv":[12.001,8.001,12.999,8.999],"texture":"#texture"},"west":{"uv":[2.001,8.001,2.999,8.999],"texture":"#texture"},"east":{"uv":[2.001,8.001,2.999,8.999],"texture":"#texture"}}}],"display":{"thirdperson_righthand":{"scale":[0.5,0.5,0.5 ]},"firstperson_righthand":{"rotation":[0,180,0],"translation":[0,3,0],"scale":[0.8,0.8,0.8]},"gui":{"rotation":[-90,-135,-90],"translation":[0,-1,0]}}}