{"textures":{"texture":"strike/ammo/shotgun"},"elements":[{"from":[5,5,8],"to":[7,10,10],"faces":{"down":{"uv":[11.001,4.001,12.999,5.999],"texture":"#texture"},"up":{"uv":[11.001,1.001,12.999,2.999],"texture":"#texture"},"north":{"uv":[1.001,1.001,2.999,5.999],"texture":"#texture"},"south":{"uv":[4.001,1.001,5.999,5.999],"texture":"#texture"},"west":{"uv":[3.001,1.001,4.999,5.999],"texture":"#texture"},"east":{"uv":[7.001,1.001,8.999,5.999],"texture":"#texture"}}},{"from":[5,5,2],"to":[7,10,4],"faces":{"down":{"uv":[11.001,4.001,12.999,5.999],"texture":"#texture"},"up":{"uv":[11.001,1.001,12.999,2.999],"texture":"#texture"},"north":{"uv":[3.001,1.001,4.999,5.999],"texture":"#texture"},"south":{"uv":[7.001,1.001,8.999,5.999],"texture":"#texture"},"west":{"uv":[5.001,1.001,6.999,5.999],"texture":"#texture"},"east":{"uv":[1.001,1.001,2.999,5.999],"texture":"#texture"}}},{"from":[5,5,11],"to":[7,10,13],"faces":{"down":{"uv":[11.001,4.001,12.999,5.999],"texture":"#texture"},"up":{"uv":[11.001,1.001,12.999,2.999],"texture":"#texture"},"north":{"uv":[3.001,1.001,4.999,5.999],"texture":"#texture"},"south":{"uv":[7.001,1.001,8.999,5.999],"texture":"#texture"},"west":{"uv":[4.001,1.001,5.999,5.999],"texture":"#texture"},"east":{"uv":[1.001,1.001,2.999,5.999],"texture":"#texture"}}},{"from":[5,5,5],"to":[7,10,7],"faces":{"down":{"uv":[11.001,4.001,12.999,5.999],"texture":"#texture"},"up":{"uv":[11.001,1.001,12.999,2.999],"texture":"#texture"},"north":{"uv":[7.001,1.001,8.999,5.999],"texture":"#texture"},"south":{"uv":[3.001,1.001,4.999,5.999],"texture":"#texture"},"west":{"uv":[1.001,1.001,2.999,5.999],"texture":"#texture"},"east":{"uv":[5.001,1.001,6.999,5.999],"texture":"#texture"}}},{"from":[7,7,1],"to":[8,9,15],"faces":{"down":{"uv":[14.999,14.001,1.001,14.999],"rotation":90,"texture":"#texture"},"up":{"uv":[1.001,11.999,14.999,11.001],"rotation":90,"texture":"#texture"},"north":{"uv":[15.001,10.001,15.999,11.999],"texture":"#texture"},"south":{"uv":[0.001,10.001,0.999,11.999],"texture":"#texture"},"west":{"uv":[1.001,12.001,14.999,13.999],"texture":"#texture"},"east":{"uv":[14.999,10.999,1.001,9.001],"texture":"#texture"}}}],"display":{"thirdperson_righthand":{"rotation":[0,90,0],"translation":[0,0,0],"scale":[0.5,0.5,0.5]},"thirdperson_lefthand":{"rotation":[0,90,0],"translation":[0,0,0],"scale":[-0.5,0.5,0.5]},"gui":{"rotation":[-90,135,90],"translation":[0,0,0],"scale":[1,1,1]}}}