{"textures":{"texture":"strike/ammo/sniper"},"elements":[{"from":[3.25,13.25,4],"to":[12.25,16.25,7],"faces":{"down":{"uv":[3,9,0,0],"rotation":90,"texture":"#texture"},"up":{"uv":[2,0,5,9],"rotation":90,"texture":"#texture"},"north":{"uv":[0,0,7,3],"texture":"#texture"},"south":{"uv":[0,0,7,3],"texture":"#texture"},"west":{"uv":[4,0,7,2.75],"texture":"#texture"},"east":{"uv":[4,1,7,3.75],"texture":"#texture"}}},{"from":[3.25,9.25,4],"to":[12.25,12.25,7],"faces":{"down":{"uv":[3,9,0,0],"rotation":90,"texture":"#texture"},"up":{"uv":[2,0,5,9],"rotation":90,"texture":"#texture"},"north":{"uv":[4,0,7,2.75],"texture":"#texture"},"south":{"uv":[0,0,7,3],"texture":"#texture"},"west":{"uv":[0,0,7,3],"texture":"#texture"},"east":{"uv":[4,1,7,3.75],"texture":"#texture"}}},{"from":[3.25,5.25,4],"to":[12,8.25,7],"faces":{"down":{"uv":[3,9,0,0],"rotation":90,"texture":"#texture"},"up":{"uv":[2,0,5,9],"rotation":90,"texture":"#texture"},"north":{"uv":[0,0,7,3],"texture":"#texture"},"south":{"uv":[4,1,7,3.75],"texture":"#texture"},"west":{"uv":[4,0,7,2.75],"texture":"#texture"},"east":{"uv":[0,0,7,3],"texture":"#texture"}}},{"from":[11,4.75,3.5],"to":[12.25,16.5,7.5],"faces":{"down":{"uv":[5,7.5,3.75,3.5],"rotation":90,"texture":"#texture"},"up":{"uv":[5.5,7,6.75,11],"rotation":90,"texture":"#texture"},"north":{"uv":[3.75,0,5,11.25],"texture":"#texture"},"south":{"uv":[2,0,3.25,11.25],"texture":"#texture"},"west":{"uv":[4,0,8,11.25],"texture":"#texture"},"east":{"uv":[4,0,8,11.25],"texture":"#texture"}}},{"from":[2.25,14.25,5],"to":[3.75,15.25,6],	"rotation":{"origin":[2.25,15.25,5],"axis":"y","angle":-22.5},"faces":{"down":{"uv":[4.75,3,3.25,2],"texture":"#texture"},"up":{"uv":[1.75,2,3.25,3],"texture":"#texture"},"north":{"uv":[13.75,3.5,15.25,4.5],"texture":"#texture"},"south":{"uv":[1.75,1.25,3.25,2.25],"texture":"#texture"},"west":{"uv":[2,1.25,3,2.25],"texture":"#texture"},"east":{"uv":[5,3,6,4],"texture":"#texture"}}},{"from":[2,14.25,5],"to":[3.5,15.25,6],"rotation":{"origin":[2,15.25,5],"axis":"y","angle":22.5},"faces":{"down":{"uv":[4.75,3,3.25,2],"texture":"#texture"},"up":{"uv":[1.75,2,3.25,3],"texture":"#texture"},"north":{"uv":[13.75,3.5,15.25,4.5],"texture":"#texture"},"south":{"uv":[1.75,1.25,3.25,2.25],"texture":"#texture"},"west":{"uv":[2,1.25,3,2.25],"texture":"#texture"},"east":{"uv":[5,3,6,4],"texture":"#texture"}}},{"from":[2.25,14.25,5],"to":[3.75,15.25,6],"rotation":{"origin":[2.25,15.25,5],"axis":"z","angle":-22.5},"faces":{"down":{"uv":[4.75,3,3.25,2],"texture":"#texture"},"up":{"uv":[1.75,2,3.25,3],"texture":"#texture"},"north":{"uv":[13.75,3.5,15.25,4.5],"texture":"#texture"},"south":{"uv":[1.75,1.25,3.25,2.25],"texture":"#texture"},"west":{"uv":[2,1.25,3,2.25],"texture":"#texture"},"east":{"uv":[5,3,6,4],"texture":"#texture"}}},{"from":[2,14.25,5],"to":[3.5,15.25,6],"rotation":{"origin":[2,15.25,5],"axis":"z","angle":22.5},"faces":{"down":{"uv":[4.75,3,3.25,2],"texture":"#texture"},"up":{"uv":[1.75,2,3.25,3],"texture":"#texture"},"north":{"uv":[13.75,3.5,15.25,4.5],"texture":"#texture"},"south":{"uv":[1.75,1.25,3.25,2.25],"texture":"#texture"},"west":{"uv":[2,1.25,3,2.25],"texture":"#texture"},"east":{"uv":[5,3,6,4],"texture":"#texture"}}},{"from":[1.875,14.25,5],"to":[2.875,15.25,6],"faces":{"down":{"uv":[4,5,3,4],"texture":"#texture"},"up":{"uv":[2,5,3,6],"texture":"#texture"},"north":{"uv":[2,3,3,4],"texture":"#texture"},"south":{"uv":[2,1.75,3,2.75],"texture":"#texture"},"west":{"uv":[3,3,4,4],"texture":"#texture"},"east":{"uv":[3,3,4,4],"texture":"#texture"}}},{"from":[1.875,10.25,5],"to":[2.875,11.25,6],"faces":{"down":{"uv":[4,5,3,4],"texture":"#texture"},"up":{"uv":[2,5,3,6],"texture":"#texture"},"north":{"uv":[2,3,3,4],"texture":"#texture"},"south":{"uv":[2,1.75,3,2.75],"texture":"#texture"},"west":{"uv":[3,3,4,4],"texture":"#texture"},"east":{"uv":[3,3,4,4],"texture":"#texture"}}},{"from":[2.25,10.25,5],"to":[3.75,11.25,6],	"rotation":{"origin":[2.25,11.25,5],"axis":"y","angle":-22.5},"faces":{"down":{"uv":[4.75,3,3.25,2],"texture":"#texture"},"up":{"uv":[1.75,2,3.25,3],"texture":"#texture"},"north":{"uv":[13.75,3.5,15.25,4.5],"texture":"#texture"},"south":{"uv":[1.75,1.25,3.25,2.25],"texture":"#texture"},"west":{"uv":[2,1.25,3,2.25],"texture":"#texture"},"east":{"uv":[5,3,6,4],"texture":"#texture"}}},{"from":[2,10.25,5],"to":[3.5,11.25,6],"rotation":{"origin":[2,11.25,5],"axis":"y","angle":22.5},"faces":{"down":{"uv":[4.75,3,3.25,2],"texture":"#texture"},"up":{"uv":[1.75,2,3.25,3],"texture":"#texture"},"north":{"uv":[13.75,3.5,15.25,4.5],"texture":"#texture"},"south":{"uv":[1.75,1.25,3.25,2.25],"texture":"#texture"},"west":{"uv":[2,1.25,3,2.25],"texture":"#texture"},"east":{"uv":[5,3,6,4],"texture":"#texture"}}},{"from":[2.25,10.25,5],"to":[3.75,11.25,6],	"rotation":{"origin":[2.25,11.25,5],"axis":"z","angle":-22.5},"faces":{"down":{"uv":[4.75,3,3.25,2],"texture":"#texture"},"up":{"uv":[1.75,2,3.25,3],"texture":"#texture"},"north":{"uv":[13.75,3.5,15.25,4.5],"texture":"#texture"},"south":{"uv":[1.75,1.25,3.25,2.25],"texture":"#texture"},"west":{"uv":[2,1.25,3,2.25],"texture":"#texture"},"east":{"uv":[5,3,6,4],"texture":"#texture"}}},{"from":[2,10.25,5],"to":[3.5,11.25,6],"rotation":{"origin":[2,11.25,5],"axis":"z","angle":22.5},"faces":{"down":{"uv":[4.75,3,3.25,2],"texture":"#texture"},"up":{"uv":[1.75,2,3.25,3],"texture":"#texture"},"north":{"uv":[13.75,3.5,15.25,4.5],"texture":"#texture"},"south":{"uv":[1.75,1.25,3.25,2.25],"texture":"#texture"},"west":{"uv":[2,1.25,3,2.25],"texture":"#texture"},"east":{"uv":[5,3,6,4],"texture":"#texture"}}},{"from":[1.875,6.25,5],"to":[2.875,7.25,6],"faces":{"down":{"uv":[4,5,3,4],"texture":"#texture"},"up":{"uv":[2,5,3,6],"texture":"#texture"},"north":{"uv":[2,3,3,4],"texture":"#texture"},"south":{"uv":[2,1.75,3,2.75],"texture":"#texture"},"west":{"uv":[3,3,4,4],"texture":"#texture"},"east":{"uv":[3,3,4,4],"texture":"#texture"}}},{"from":[2.25,6.25,5],"to":[3.75,7.25,6],	"rotation":{"origin":[2.25,7.25,5],"axis":"y","angle":-22.5},"faces":{"down":{"uv":[4.75,3,3.25,2],"texture":"#texture"},"up":{"uv":[1.75,2,3.25,3],"texture":"#texture"},"north":{"uv":[13.75,3.5,15.25,4.5],"texture":"#texture"},"south":{"uv":[1.75,1.25,3.25,2.25],"texture":"#texture"},"west":{"uv":[2,1.25,3,2.25],"texture":"#texture"},"east":{"uv":[5,3,6,4],"texture":"#texture"}}},{"from":[2,6.25,5],"to":[3.5,7.25,6],"rotation":{"origin":[2,7.25,5],"axis":"y","angle":22.5},"faces":{"down":{"uv":[4.75,3,3.25,2],"texture":"#texture"},"up":{"uv":[1.75,2,3.25,3],"texture":"#texture"},"north":{"uv":[13.75,3.5,15.25,4.5],"texture":"#texture"},"south":{"uv":[1.75,1.25,3.25,2.25],"texture":"#texture"},"west":{"uv":[2,1.25,3,2.25],"texture":"#texture"},"east":{"uv":[5,3,6,4],"texture":"#texture"}}},{"from":[2.25,6.25,5],"to":[3.75,7.25,6],"rotation":{"origin":[2.25,7.25,5],"axis":"z","angle":-22.5},"faces":{"down":{"uv":[4.75,3,3.25,2],"texture":"#texture"},"up":{"uv":[1.75,2,3.25,3],"texture":"#texture"},"north":{"uv":[13.75,3.5,15.25,4.5],"texture":"#texture"},"south":{"uv":[1.75,1.25,3.25,2.25],"texture":"#texture"},"west":{"uv":[2,1.25,3,2.25],"texture":"#texture"},"east":{"uv":[5,3,6,4],"texture":"#texture"}}},{"from":[2,6.25,5],"to":[3.5,7.25,6],"rotation":{"origin":[2,7.25,5],"axis":"z","angle":22.5},"faces":{"down":{"uv":[4.75,3,3.25,2],"texture":"#texture"},"up":{"uv":[1.75,2,3.25,3],"texture":"#texture"},"north":{"uv":[13.75,3.5,15.25,4.5],"texture":"#texture"},"south":{"uv":[1.75,1.25,3.25,2.25],"texture":"#texture"},"west":{"uv":[2,1.25,3,2.25],"texture":"#texture"},"east":{"uv":[5,3,6,4],"texture":"#texture"}}}],"display":{"thirdperson_righthand":{"rotation":[0,90,-90],"scale":[0.5,0.5,0.5]},"thirdperson_lefthand":{"rotation":[0,90,-90],"scale":[-0.5,0.5,0.5]},"firstperson_righthand":{"rotation":[0,90,-90],"scale":[0.8,0.8,0.8]},"firstperson_lefthand":{"rotation":[0,90,-90],"scale":[-0.8,0.8,0.8]},"gui":{"rotation":[0,0,-45],"translation":[-1.5,-2,0]}}}