{"elements":[{"from":[3,0,3],"to":[13,3,13],"faces":{"down":{"uv":[5.5,15.5,0.5,10.5],"texture":"#texture"},"up":{"uv":[5.5,10.5,10.5,15.5],"texture":"#texture"},"north":{"uv":[0.5,5.5,5.5,7],"texture":"#texture"},"south":{"uv":[0.5,5.5,5.5,7],"texture":"#texture"},"west":{"uv":[0.5,2,5.5,3.5],"texture":"#texture"},"east":{"uv":[0.5,2,5.5,3.5],"texture":"#texture"}}}],"display":{"thirdperson":{"rotation":[85,0,0],"translation":[0,2,-1],"scale":[0.5,0.5,0.5]},"fixed":{"rotation":[0,0,0],"translation":[0,0,2],"scale":[2,2,2]},"firstperson":{"rotation":[0,25,0],"translation":[0,6,0],"scale":[1,1,1]},"gui":{"rotation":[0,0,0],"translation":[0,1,0],"scale":[1,1,1]}}}