{"textures":{"texture":"strike/equipment/medicpack"},"elements":[{"from":[3,0,3],"to":[13,3,13],"faces":{"down":{"uv":[5.5,15.5,0.5,10.5],"texture":"#texture"},"up":{"uv":[5.5,10.5,10.5,15.5],"texture":"#texture"},"north":{"uv":[0.5,5.5,5.5,7],"texture":"#texture"},"south":{"uv":[0.5,5.5,5.5,7],"texture":"#texture"},"west":{"uv":[0.5,2,5.5,3.5],"texture":"#texture"},"east":{"uv":[0.5,2,5.5,3.5],"texture":"#texture"}}},{"from":[3,3,3],"to":[13,6,13],"faces":{"down":{"uv":[10.5,15.5,5.5,10.5],"texture":"#texture"},"up":{"uv":[0.5,10.5,5.5,15.5],"texture":"#texture"},"north":{"uv":[0.5,4,5.5,5.5],"texture":"#texture"},"south":{"uv":[0.5,4,5.5,5.5],"texture":"#texture"},"west":{"uv":[0.5,0.5,5.5,2],"texture":"#texture"},"east":{"uv":[0.5,0.5,5.5,2],"texture":"#texture"}}}],"display":{"thirdperson_righthand":{"rotation":[60,175,0],"translation":[0,2,2],"scale":[0.7,0.7,0.7]},"firstperson_righthand":{"rotation":[0,5,2],"translation":[0,5,2],"scale":[1,1,1]},"gui":{"rotation":[-90,135,90],"translation":[4.5,4.5,0],"scale":[1.3,1.3,1.3]}}}