{
"textures": {
    "particle": "strike/equipment/medicpack",
    "texture": "strike/equipment/medicpack"
},
"elements": [ 
{
    "from": [ 3, 12, 3 ],
    "to": [ 13, 15, 13 ],
    "faces": {
        "down":  { "uv": [ 10.5, 15.5, 5.5, 10.5 ], "texture": "#texture" },
        "up":    { "uv": [ 0.5, 10.5, 5.5, 15.5 ], "texture": "#texture" },
        "north": { "uv": [ 0.5, 4, 5.5, 5.5 ], "texture": "#texture" },
        "south": { "uv": [ 0.5, 4, 5.5, 5.5 ], "texture": "#texture" },
        "west":  { "uv": [ 0.5, 0.5, 5.5, 2 ], "texture": "#texture" },
        "east":  { "uv": [ 0.5, 0.5, 5.5, 2 ], "texture": "#texture" }
    }
},
{
    "from": [ 7.5, 3, 4 ],
    "to": [ 8.5, 12, 6 ],
    "faces": {
        "north": { "uv": [ 10.5, 11, 11, 15.5 ], "texture": "#texture" },
        "south": { "uv": [ 12, 11, 12.5, 15.5 ], "texture": "#texture" },
        "west":  { "uv": [ 12.5, 11, 13.5, 15.5 ], "texture": "#texture" },
        "east":  { "uv": [ 11, 11, 12, 15.5 ], "texture": "#texture" }
    }
},
{
    "from": [ 7.5, 3, 10 ],
    "to": [ 8.5, 12, 12 ],
    "faces": {
        "north": { "uv": [ 10.5, 11, 11, 15.5 ], "texture": "#texture" },
        "south": { "uv": [ 12, 11, 12.5, 15.5 ], "texture": "#texture" },
        "west":  { "uv": [ 12.5, 11, 13.5, 15.5 ], "texture": "#texture" },
        "east":  { "uv": [ 11, 11, 12, 15.5 ], "texture": "#texture" }
    }
},
{
    "from": [ 7.5, 11, 6 ],
    "to": [ 8.5, 12, 10 ],
    "faces": {
        "down":  { "uv": [ 15.5, 14.5, 13.5, 14 ], "texture": "#texture" },
        "north": { "uv": [ 15.5, 12.5, 16, 13 ], "texture": "#texture" },
        "south": { "uv": [ 15.5, 13.5, 16, 14 ], "texture": "#texture" },
        "west":  { "uv": [ 13.5, 13.5, 15.5, 14 ], "texture": "#texture" },
        "east":  { "uv": [ 13.5, 12.5, 15.5, 13 ], "texture": "#texture" }
    }
},
{
    "from": [ 7.5, 5, 6 ],
    "to": [ 8.5, 6, 10 ],
    "faces": {
        "down":  { "uv": [ 15.5, 14.5, 13.5, 14 ], "texture": "#texture" },
        "up":    { "uv": [ 13.5, 13, 15.5, 13.5 ], "texture": "#texture" },
        "north": { "uv": [ 15.5, 12.5, 16, 13 ], "texture": "#texture" },
        "south": { "uv": [ 15.5, 13.5, 16, 14 ], "texture": "#texture" },
        "west":  { "uv": [ 13.5, 12.5, 15.5, 13 ], "texture": "#texture" },
        "east":  { "uv": [ 13.5, 13.5, 15.5, 14 ], "texture": "#texture" }
    }
},
{
    "from": [ 7.5, 8, 6 ],
    "to": [ 8.5, 9, 10 ],
    "faces": {
        "down":  { "uv": [ 15.5, 14, 13.5, 13.5 ], "texture": "#texture" },
        "up":    { "uv": [ 13.5, 12.5, 15.5, 13 ], "texture": "#texture" },
        "north": { "uv": [ 15.5, 12.5, 16, 13 ], "texture": "#texture" },
        "south": { "uv": [ 15.5, 13.5, 16, 14 ], "texture": "#texture" },
        "west":  { "uv": [ 13.5, 12.5, 15.5, 13 ], "texture": "#texture" },
        "east":  { "uv": [ 13.5, 13.5, 15.5, 14 ], "texture": "#texture" }
    }
}
],
"display": {
    "thirdperson_righthand": {
        "rotation": [ 0, 0, 0 ],
        "translation": [ 0, 0, 0 ],
        "scale": [ 0, 0, 0 ]
    },
    "head": {
        "rotation": [ 0, 0, 0 ],
        "translation": [ 0, -30, 0 ],
        "scale": [ 1.6, 1.6, 1.6 ]
    }
}
}