{"textures":{"texture":"strike/equipment/medicpack"},"elements":[{"from":[2,0.5,2],"to":[14,8,14],"faces":{"down":{"uv":[8.497,15.997,2.503,10.003],"texture":"#texture"},"up":{"uv":[2.503,10.003,8.497,15.997],"texture":"#texture"}}},{"from":[1,0,2],"to":[2,8,14],"faces":{"down":{"uv":[8.997,7.497,8.503,0.503],"texture":"#texture"},"up":{"uv":[8.503,1.003,8.997,6.997],"texture":"#texture"},"west":{"uv":[8.503,8.003,15.497,11.997],"texture":"#texture"},"east":{"uv":[0.503,3.003,7.497,6.997],"texture":"#texture"}}},{"from":[1,0,1],"to":[15,8,2],"faces":{"down":{"uv":[15.497,0.503,8.503,0.997],"texture":"#texture"},"up":{"uv":[8.503,0.503,15.497,0.997],"texture":"#texture"},"north":{"uv":[0.503,4.003,7.497,7.997],"texture":"#texture"},"south":{"uv":[0.503,3.003,7.497,6.997],"texture":"#texture"},"west":{"uv":[0.503,4.003,0.997,7.997],"texture":"#texture"},"east":{"uv":[7.003,4.003,7.497,7.997],"texture":"#texture"}}},{"from":[1,0,14],"to":[15,8,15],"faces":{"down":{"uv":[15.497,7.497,8.503,7.003],"texture":"#texture"},"up":{"uv":[8.503,7.003,15.497,7.497],"texture":"#texture"},"north":{"uv":[0.503,3.003,7.497,6.997],"texture":"#texture"},"south":{"uv":[0.503,4.003,7.497,7.997],"texture":"#texture"},"west":{"uv":[7.003,4.003,7.497,7.997],"texture":"#texture"},"east":{"uv":[0.503,4.003,0.997,7.997],"texture":"#texture"}}},{"from":[14,0,2],"to":[15,8,14],"faces":{"down":{"uv":[15.497,7.497,15.003,0.503],"texture":"#texture"},"up":{"uv":[15.003,1.003,15.497,6.997],"texture":"#texture"},"west":{"uv":[0.503,3.003,7.497,6.997],"texture":"#texture"},"east":{"uv":[8.503,8.003,15.497,11.997],"texture":"#texture"}}}],"display":{"thirdperson_righthand":{"rotation":[70,90,0],"translation":[0,2,2],"scale":[0.4,0.4,0.4]},"fixed":{"rotation":[0,0,0],"translation":[0,0,2],"scale":[2,2,2]},"firstperson_righthand":{"rotation":[0,120,0],"translation":[3,5,-2],"scale":[1,1,1]}}}